family,suite,gym_id,task_class,task_name,language_instruction,instruction_is_templated,description,source_file
LIBERO,libero_10,Robocasa-Task-L10K3TurnOnTheStoveAndPutTheMokaPotOnIt,L10K3TurnOnTheStoveAndPutTheMokaPotOnIt,L10K3TurnOnTheStoveAndPutTheMokaPotOnIt,Turn on the stove and put the moka pot on it.,no,,lightwheel_libero_tasks/libero_10/L10K3_turn_on_the_stove_and_put_the_moka_pot_on_it.py
LIBERO,libero_10,Robocasa-Task-L10K4PutTheBlackBowlInTheBottomDrawerOfTheCabinetAndCloseIt,L10K4PutTheBlackBowlInTheBottomDrawerOfTheCabinetAndCloseIt,L10K4PutTheBlackBowlInTheBottomDrawerOfTheCabinetAndCloseIt,Put the black bowl in the bottom drawer of the cabinet and close it.,no,,lightwheel_libero_tasks/libero_10/L10K4_put_the_black_bowl_in_the_bottom_drawer_of_the_cabinet_and_close_it.py
LIBERO,libero_10,Robocasa-Task-L10K6PutTheYellowAndWhiteMugInTheMicrowaveAndCloseIt,L10K6PutTheYellowAndWhiteMugInTheMicrowaveAndCloseIt,L10K6PutTheYellowAndWhiteMugInTheMicrowaveAndCloseIt,Put the yellow and white mug in the microwave and close it.,no,,lightwheel_libero_tasks/libero_10/L10K6_put_the_white_mug_on_the_plate_and_put_the_chocolate_pudding_to_the_right_of_the_plate.py
LIBERO,libero_10,Robocasa-Task-L10K8PutBothMokaPotsOnTheStove,L10K8PutBothMokaPotsOnTheStove,L10K8PutBothMokaPotsOnTheStove,Put both moka pots on the stove.,no,,lightwheel_libero_tasks/libero_10/L10K8_put_both_moka_pots_on_the_stove.py
LIBERO,libero_10,Robocasa-Task-L10L1PutBothTheAlphabetSoupAndTheCreamCheeseBoxInTheBasket,L10L1PutBothTheAlphabetSoupAndTheCreamCheeseBoxInTheBasket,L10L1PutBothTheAlphabetSoupAndTheCreamCheeseBoxInTheBasket,"Pick up the alphabet soup and the cream cheese box, and put them in the basket.",no,L10L1PutBothTheAlphabetSoupAndTheCreamCheeseBoxInTheBasket: put both the alphabet soup and the cream cheese box in the basket,lightwheel_libero_tasks/libero_10/L10L2_put_objects_in_basket.py
LIBERO,libero_10,Robocasa-Task-L10L2PutBothTheAlphabetSoupAndTheTomatoSauceInTheBasket,L10L2PutBothTheAlphabetSoupAndTheTomatoSauceInTheBasket,L10L2PutBothTheAlphabetSoupAndTheTomatoSauceInTheBasket,"Pick up the alphabet soup and the tomato sauce, and put them in the basket.",no,L10L2PutBothTheAlphabetSoupAndTheTomatoSauceInTheBasket: put both the alphabet soup and the tomato sauce in the basket,lightwheel_libero_tasks/libero_10/L10L2_put_objects_in_basket.py
LIBERO,libero_10,Robocasa-Task-L10L2PutBothTheCreamCheeseBoxAndTheButterInTheBasket,L10L2PutBothTheCreamCheeseBoxAndTheButterInTheBasket,L10L2PutBothTheCreamCheeseBoxAndTheButterInTheBasket,"Pick up the cream cheese box and the butter, and put them in the basket.",no,L10L2PutBothTheCreamCheeseBoxAndTheButterInTheBasket: put both the cream cheese box and the butter in the basket,lightwheel_libero_tasks/libero_10/L10L2_put_objects_in_basket.py
LIBERO,libero_10,Robocasa-Task-L10L5PutWhiteMugOnLeftPlateAndPutYellowAndWhiteMugOnRightPlate,L10L5PutWhiteMugOnLeftPlateAndPutYellowAndWhiteMugOnRightPlate,L10L5PutWhiteMugOnLeftPlateAndPutYellowAndWhiteMugOnRightPlate,Put the white mug on the left plate and put the yellow and white mug on the right plate.,no,,lightwheel_libero_tasks/libero_10/L10L5_put_the_white_mug_on_the_left_plate_and_put_the_yellow_and_white_mug_on_the_right_plate.py
LIBERO,libero_10,Robocasa-Task-L10L6PutWhiteMugOnPlateAndPutChocolatePuddingToRightPlate,L10L6PutWhiteMugOnPlateAndPutChocolatePuddingToRightPlate,L10L6PutWhiteMugOnPlateAndPutChocolatePuddingToRightPlate,"Pick up the white mug and put it on the plate, and put the chocolate pudding to the right of the plate.",no,L10L6PutWhiteMugOnPlateAndPutChocolatePuddingToRightPlate: put the white mug on the plate and put the chocolate pudding to the right of the plate,lightwheel_libero_tasks/libero_10/L10L6_MugOnAndChocolateRightPlate.py
LIBERO,libero_10,Robocasa-Task-L10S1PickUpTheBookAndPlaceItInTheBackCompartmentOfTheCaddy,L10S1PickUpTheBookAndPlaceItInTheBackCompartmentOfTheCaddy,L10S1PickUpTheBookAndPlaceItInTheBackCompartmentOfTheCaddy,Pick up the book and place it in the right compartment of the caddy.,no,,lightwheel_libero_tasks/libero_10/L10S1_pick_up_the_book_and_place_it_in_the_back_compartment_of_the_caddy.py
LIBERO,libero_90,Robocasa-Task-L90K10CloseTheTopDrawerOfTheCabinet,L90K10CloseTheTopDrawerOfTheCabinet,L90K10CloseTheTopDrawerOfTheCabinet,Close the top drawer of the cabinet.,no,L90K10CloseTheTopDrawerOfTheCabinet: close the top drawer of the cabinet (Scene10),lightwheel_libero_tasks/libero_90/L90K10_close_the_top_drawer_of_the_cabinet.py
LIBERO,libero_90,Robocasa-Task-L90K10CloseTheTopDrawerOfTheCabinetAndPutTheBlackBowlOnTopOfIt,L90K10CloseTheTopDrawerOfTheCabinetAndPutTheBlackBowlOnTopOfIt,L90K10CloseTheTopDrawerOfTheCabinetAndPutTheBlackBowlOnTopOfIt,Close the top drawer of the cabinet and put the black bowl on top of it.,no,L90K10CloseTheTopDrawerOfTheCabinetAndPutTheBlackBowlOnTopOfIt: close the top drawer of the cabinet and put the black bowl on top of it,lightwheel_libero_tasks/libero_90/L90K10_close_the_top_drawer_of_the_cabinet_and_put_the_black_bowl_on_top_of_it.py
LIBERO,libero_90,Robocasa-Task-L90K10PutTheBlackBowlInTheTopDrawerOfTheCabinet,L90K10PutTheBlackBowlInTheTopDrawerOfTheCabinet,L90K10PutTheBlackBowlInTheTopDrawerOfTheCabinet,Put the black bowl in the top drawer of the cabinet.,no,L90K10PutTheBlackBowlInTheTopDrawerOfTheCabinet: put the black bowl in the top drawer of the cabinet (Scene10),lightwheel_libero_tasks/libero_90/L90K10_put_the_black_bowl_in_the_top_drawer_of_the_cabinet.py
LIBERO,libero_90,Robocasa-Task-L90K10PutTheButterAtTheBackInTheTopDrawerOfTheCabinetAndCloseIt,L90K10PutTheButterAtTheBackInTheTopDrawerOfTheCabinetAndCloseIt,L90K10PutTheButterAtTheBackInTheTopDrawerOfTheCabinetAndCloseIt,put the butter at the back in the top drawer of the cabinet and close it.,no,,lightwheel_libero_tasks/libero_90/L90K10_put_the_butter_at_the_back_in_the_top_drawer_of_the_cabinet_and_close_it.py
LIBERO,libero_90,Robocasa-Task-L90K10PutTheButterAtTheFrontInTheTopDrawerOfTheCabinetAndCloseIt,L90K10PutTheButterAtTheFrontInTheTopDrawerOfTheCabinetAndCloseIt,L90K10PutTheButterAtTheFrontInTheTopDrawerOfTheCabinetAndCloseIt,Put the butter at the front in the top drawer of the cabinet and close it.,no,L90K10PutTheButterAtTheFrontInTheTopDrawerOfTheCabinetAndCloseIt: put the butter at the front in the top drawer of the cabinet and close it,lightwheel_libero_tasks/libero_90/L90K10_put_the_butter_at_the_front_in_the_top_drawer_of_the_cabinet_and_close_it.py
LIBERO,libero_90,Robocasa-Task-L90K10PutTheChocolatePuddingInTheTopDrawerOfTheCabinetAndCloseIt,L90K10PutTheChocolatePuddingInTheTopDrawerOfTheCabinetAndCloseIt,L90K10PutTheChocolatePuddingInTheTopDrawerOfTheCabinetAndCloseIt,Put the chocolate pudding in the top drawer of the cabinet and close it.,no,L90K10PutTheChocolatePuddingInTheTopDrawerOfTheCabinetAndCloseIt: put the chocolate pudding in the top drawer of the cabinet and close it,lightwheel_libero_tasks/libero_90/L90K10_put_the_chocolate_pudding_in_the_top_drawer_of_the_cabinet_and_close_it.py
LIBERO,libero_90,Robocasa-Task-L90K1OpenTheBottomDrawerOfTheCabinet,L90K1OpenTheBottomDrawerOfTheCabinet,L90K1OpenTheBottomDrawerOfTheCabinet,Open the bottom drawer of the cabinet.,no,,lightwheel_libero_tasks/libero_90/L90K1_open_the_bottom_drawer_of_the_cabinet.py
LIBERO,libero_90,Robocasa-Task-L90K1OpenTheTopDrawerOfTheCabinet,L90K1OpenTheTopDrawerOfTheCabinet,L90K1OpenTheTopDrawerOfTheCabinet,open the top drawer of the cabinet.,no,,lightwheel_libero_tasks/libero_90/L90K1_open_the_top_drawer_of_the_cabinet.py
LIBERO,libero_90,Robocasa-Task-L90K1OpenTheTopDrawerOfTheCabinetAndPutTheBowlInIt,L90K1OpenTheTopDrawerOfTheCabinetAndPutTheBowlInIt,L90K1OpenTheTopDrawerOfTheCabinetAndPutTheBowlInIt,Open the top drawer of the cabinet and put the bowl in it.,no,L90K1OpenTheTopDrawerOfTheCabinetAndPutTheBowlInIt: open the top drawer of the cabinet and put the bowl in it,lightwheel_libero_tasks/libero_90/L90K1_open_the_top_drawer_of_the_cabinet_and_put_the_bowl_in_it.py
LIBERO,libero_90,Robocasa-Task-L90K1PutTheBlackBowlOnThePlate,L90K1PutTheBlackBowlOnThePlate,L90K1PutTheBlackBowlOnThePlate,put the black bowl on the plate.,no,,lightwheel_libero_tasks/libero_90/L90K1_put_the_black_bowl_on_the_plate.py
LIBERO,libero_90,Robocasa-Task-L90K1PutTheBlackBowlOnTopOfTheCabinet,L90K1PutTheBlackBowlOnTopOfTheCabinet,L90K1PutTheBlackBowlOnTopOfTheCabinet,Put the black bowl on top of the cabinet.,no,,lightwheel_libero_tasks/libero_90/L90K1_put_the_black_bowl_on_top_of_the_cabinet.py
LIBERO,libero_90,Robocasa-Task-L90K2OpenTheTopDrawerOfTheCabinet,L90K2OpenTheTopDrawerOfTheCabinet,L90K2OpenTheTopDrawerOfTheCabinet,Open the top drawer of the cabinet.,no,,lightwheel_libero_tasks/libero_90/L90K2_open_the_top_drawer_of_the_cabinet.py
LIBERO,libero_90,Robocasa-Task-L90K2PutTheBlackBowlAtTheBackOnThePlate,L90K2PutTheBlackBowlAtTheBackOnThePlate,L90K2PutTheBlackBowlAtTheBackOnThePlate,Put the black bowl at the front on the plate.,no,,lightwheel_libero_tasks/libero_90/L90K2_put_the_black_bowl_at_the_back_on_the_plate.py
LIBERO,libero_90,Robocasa-Task-L90K2PutTheBlackBowlAtTheFrontOnThePlate,L90K2PutTheBlackBowlAtTheFrontOnThePlate,L90K2PutTheBlackBowlAtTheFrontOnThePlate,Pick up the black bowl and put it in the front on the plate.,no,L90K2PutTheBlackBowlAtTheFrontOnThePlate: put the black bowl in the front on the plate,lightwheel_libero_tasks/libero_90/L90K2_put_the_black_bowl_at_the_front_on_the_plate.py
LIBERO,libero_90,Robocasa-Task-L90K2PutTheMiddleBlackBowlOnThePlate,L90K2PutTheMiddleBlackBowlOnThePlate,L90K2PutTheMiddleBlackBowlOnThePlate,Put the black bowl in the middle on the plate.,no,L90K2PutTheMiddleBlackBowlOnThePlate: put the black bowl in the middle on the plate,lightwheel_libero_tasks/libero_90/L90K2_put_the_middle_black_bowl_on_the_plate.py
LIBERO,libero_90,Robocasa-Task-L90K2PutTheMiddleBlackBowlOnTopOfTheCabinet,L90K2PutTheMiddleBlackBowlOnTopOfTheCabinet,L90K2PutTheMiddleBlackBowlOnTopOfTheCabinet,put the black bowl on the plate.,no,,lightwheel_libero_tasks/libero_90/L90K2_put_the_middle_black_bowl_on_top_of_the_cabinet.py
LIBERO,libero_90,Robocasa-Task-L90K2StackTheBlackBowlAtTheFrontOnTheBlackBowlInTheMiddle,L90K2StackTheBlackBowlAtTheFrontOnTheBlackBowlInTheMiddle,L90K2StackTheBlackBowlAtTheFrontOnTheBlackBowlInTheMiddle,stack the black bowl at the front on the black bowl in the middle.,no,,lightwheel_libero_tasks/libero_90/L90K2_stack_the_black_bowl_at_the_front_on_the_black_bowl_in_the_middle.py
LIBERO,libero_90,Robocasa-Task-L90K2StackTheMiddleBlackBowlOnTheBackBlackBowl,L90K2StackTheMiddleBlackBowlOnTheBackBlackBowl,L90K2StackTheMiddleBlackBowlOnTheBackBlackBowl,Stack the black bowl in the middle on the black bowl at the back.,no,L90K2StackTheMiddleBlackBowlOnTheBackBlackBowl: put the black bowl in the middle on the front bowl,lightwheel_libero_tasks/libero_90/L90K2_stack_the_middle_black_bowl_on_the_back_black_bowl.py
LIBERO,libero_90,Robocasa-Task-L90K3PutTheFryingPanOnTheStove,L90K3PutTheFryingPanOnTheStove,L90K3PutTheFryingPanOnTheStove,Put the frying pan on the stove.,no,,lightwheel_libero_tasks/libero_90/L90K3_put_the_frying_pan_on_the_stove.py
LIBERO,libero_90,Robocasa-Task-L90K3PutTheMokaPotOnTheStove,L90K3PutTheMokaPotOnTheStove,L90K3PutTheMokaPotOnTheStove,Put the moka pot on the stove.,no,,lightwheel_libero_tasks/libero_90/L90K3_put_the_moka_pot_on_the_stove.py
LIBERO,libero_90,Robocasa-Task-L90K3TurnOnTheStove,L90K3TurnOnTheStove,L90K3TurnOnTheStove,Turn on the stove.,no,,lightwheel_libero_tasks/libero_90/L90K3_turn_on_the_stove.py
LIBERO,libero_90,Robocasa-Task-L90K3TurnOnTheStoveAndPutTheFryingPanOnIt,L90K3TurnOnTheStoveAndPutTheFryingPanOnIt,L90K3TurnOnTheStoveAndPutTheFryingPanOnIt,Turn on the stove and put the frying pan on it.,no,,lightwheel_libero_tasks/libero_90/L90K3_turn_on_the_stove_and_put_the_frying_pan_on_it.py
LIBERO,libero_90,Robocasa-Task-L90K4CloseTheBottomDrawerOfTheCabinet,L90K4CloseTheBottomDrawerOfTheCabinet,L90K4CloseTheBottomDrawerOfTheCabinet,Close the bottom drawer of the cabinet.,no,L90K4CloseTheBottomDrawerOfTheCabinet: close the bottom drawer of the cabinet,lightwheel_libero_tasks/libero_90/L90K4_close_the_bottom_drawer_of_the_cabinet.py
LIBERO,libero_90,Robocasa-Task-L90K4CloseTheBottomDrawerOfTheCabinetAndOpenTheTopDrawer,L90K4CloseTheBottomDrawerOfTheCabinetAndOpenTheTopDrawer,L90K4CloseTheBottomDrawerOfTheCabinetAndOpenTheTopDrawer,Close the bottom drawer of the cabinet and open the top drawer.,no,,lightwheel_libero_tasks/libero_90/L90K4_close_the_bottom_drawer_of_the_cabinet_and_open_the_top_drawer.py
LIBERO,libero_90,Robocasa-Task-L90K4PutTheBlackBowlInTheBottomDrawerOfTheCabinet,L90K4PutTheBlackBowlInTheBottomDrawerOfTheCabinet,L90K4PutTheBlackBowlInTheBottomDrawerOfTheCabinet,Put the black bowl in the bottom drawer of the cabinet.,no,,lightwheel_libero_tasks/libero_90/L90K4_put_the_black_bowl_in_the_bottom_drawer_of_the_cabinet.py
LIBERO,libero_90,Robocasa-Task-L90K4PutTheBlackBowlOnTopOfTheCabinet,L90K4PutTheBlackBowlOnTopOfTheCabinet,L90K4PutTheBlackBowlOnTopOfTheCabinet,Put the black bowl on top of the cabinet.,no,,lightwheel_libero_tasks/libero_90/L90K4_put_the_black_bowl_on_top_of_the_cabinet.py
LIBERO,libero_90,Robocasa-Task-L90K4PutTheWineBottleInTheBottomDrawerOfTheCabinet,L90K4PutTheWineBottleInTheBottomDrawerOfTheCabinet,L90K4PutTheWineBottleInTheBottomDrawerOfTheCabinet,Put the wine bottle in the bottom drawer of the cabinet.,no,,lightwheel_libero_tasks/libero_90/L90K4_put_the_wine_bottle_in_the_bottom_drawer_of_the_cabinet.py
LIBERO,libero_90,Robocasa-Task-L90K4PutTheWineBottleOnTheWineRack,L90K4PutTheWineBottleOnTheWineRack,L90K4PutTheWineBottleOnTheWineRack,put the wine bottle on the wine rack.,no,,lightwheel_libero_tasks/libero_90/L90K4_put_the_wine_bottle_on_the_wine_rack.py
LIBERO,libero_90,Robocasa-Task-L90K5CloseTheTopDrawerOfTheCabinet,L90K5CloseTheTopDrawerOfTheCabinet,L90K5CloseTheTopDrawerOfTheCabinet,Close the top drawer of the cabinet.,no,L90K5CloseTheTopDrawerOfTheCabinet: close the top drawer of the cabinet,lightwheel_libero_tasks/libero_90/L90K5_close_the_top_drawer_of_the_cabinet.py
LIBERO,libero_90,Robocasa-Task-L90K5PutTheBlackBowlInTheTopDrawerOfTheCabinet,L90K5PutTheBlackBowlInTheTopDrawerOfTheCabinet,L90K5PutTheBlackBowlInTheTopDrawerOfTheCabinet,Put the black bowl in the top drawer of the cabinet.,no,L90K5PutTheBlackBowlInTheTopDrawerOfTheCabinet: put the black bowl in the top drawer of the cabinet,lightwheel_libero_tasks/libero_90/L90K5_put_the_black_bowl_in_the_top_drawer_of_the_cabinet.py
LIBERO,libero_90,Robocasa-Task-L90K5PutTheBlackBowlOnThePlate,L90K5PutTheBlackBowlOnThePlate,L90K5PutTheBlackBowlOnThePlate,Put the black bowl on the plate.,no,L90K5PutTheBlackBowlOnThePlate: put the black bowl on the plate,lightwheel_libero_tasks/libero_90/L90K5_put_the_black_bowl_on_the_plate.py
LIBERO,libero_90,Robocasa-Task-L90K5PutTheBlackBowlOnTopOfTheCabinet,L90K5PutTheBlackBowlOnTopOfTheCabinet,L90K5PutTheBlackBowlOnTopOfTheCabinet,Put the black bowl on top of the cabinet.,no,,lightwheel_libero_tasks/libero_90/L90K5_put_the_black_bowl_on_top_of_the_cabinet.py
LIBERO,libero_90,Robocasa-Task-L90K5PutTheKetchupInTheTopDrawerOfTheCabinet,L90K5PutTheKetchupInTheTopDrawerOfTheCabinet,L90K5PutTheKetchupInTheTopDrawerOfTheCabinet,Put the ketchup in the top drawer of the cabinet.,no,,lightwheel_libero_tasks/libero_90/L90K5_put_the_ketchup_in_the_top_drawer_of_the_cabinet.py
LIBERO,libero_90,Robocasa-Task-L90K6CloseTheMicrowave,L90K6CloseTheMicrowave,L90K6CloseTheMicrowave,Close the microwave.,no,,lightwheel_libero_tasks/libero_90/L90K6_close_the_microwave.py
LIBERO,libero_90,Robocasa-Task-L90K6PutTheYellowAndWhiteMugToTheFrontOfTheWhiteMug,L90K6PutTheYellowAndWhiteMugToTheFrontOfTheWhiteMug,L90K6PutTheYellowAndWhiteMugToTheFrontOfTheWhiteMug,Put the yellow and white mug to the front of the white mug.,no,L90K6PutTheYellowAndWhiteMugToTheFrontOfTheWhiteMug: put the yellow and white mug to the front of the white mug,lightwheel_libero_tasks/libero_90/L90K6_put_the_yellow_and_white_mug_to_the_front_of_the_white_mug.py
LIBERO,libero_90,Robocasa-Task-L90K7OpenTheMicrowave,L90K7OpenTheMicrowave,L90K7OpenTheMicrowave,Open the microwave.,no,,lightwheel_libero_tasks/libero_90/L90K7_open_the_microwave.py
LIBERO,libero_90,Robocasa-Task-L90K7PutTheWhiteBowlOnThePlate,L90K7PutTheWhiteBowlOnThePlate,L90K7PutTheWhiteBowlOnThePlate,Pick up the white bowl and put it on the plate.,no,L90K7PutTheWhiteBowlOnThePlate: put the white bowl on the plate,lightwheel_libero_tasks/libero_90/L90K7_put_the_white_bowl_on_the_plate.py
LIBERO,libero_90,Robocasa-Task-L90K7PutTheWhiteBowlToTheRightOfThePlate,L90K7PutTheWhiteBowlToTheRightOfThePlate,L90K7PutTheWhiteBowlToTheRightOfThePlate,Put the white bowl to the right of the plate.,no,,lightwheel_libero_tasks/libero_90/L90K7_put_the_white_bowl_to_the_right_of_the_plate.py
LIBERO,libero_90,Robocasa-Task-L90K8PutTheRightMokaPotOnTheStove,L90K8PutTheRightMokaPotOnTheStove,L90K8PutTheRightMokaPotOnTheStove,Put the right moka pot on the stove.,no,,lightwheel_libero_tasks/libero_90/L90K8_put_the_right_moka_pot_on_the_stove.py
LIBERO,libero_90,Robocasa-Task-L90K8TurnOffTheStove,L90K8TurnOffTheStove,L90K8TurnOffTheStove,Turn off the stove.,no,,lightwheel_libero_tasks/libero_90/L90K8_turn_off_the_stove.py
LIBERO,libero_90,Robocasa-Task-L90K9PutTheFryingPanOnTheCabinetShelf,L90K9PutTheFryingPanOnTheCabinetShelf,L90K9PutTheFryingPanOnTheCabinetShelf,Put the frying pan on the cabinet shelf.,no,,lightwheel_libero_tasks/libero_90/L90K9_put_the_frying_pan_on_the_cabinet_shelf.py
LIBERO,libero_90,Robocasa-Task-L90K9PutTheFryingPanOnTopOfTheCabinet,L90K9PutTheFryingPanOnTopOfTheCabinet,L90K9PutTheFryingPanOnTopOfTheCabinet,put the frying pan on top of the cabinet.,no,,lightwheel_libero_tasks/libero_90/L90K9_put_the_frying_pan_on_top_of_the_cabinet.py
LIBERO,libero_90,Robocasa-Task-L90K9PutTheFryingPanUnderTheCabinetShelf,L90K9PutTheFryingPanUnderTheCabinetShelf,L90K9PutTheFryingPanUnderTheCabinetShelf,Put the frying pan under the cabinet shelf.,no,,lightwheel_libero_tasks/libero_90/L90K9_put_the_frying_pan_under_the_cabinet_shelf.py
LIBERO,libero_90,Robocasa-Task-L90K9PutTheWhiteBowlOnTopOfTheCabinet,L90K9PutTheWhiteBowlOnTopOfTheCabinet,L90K9PutTheWhiteBowlOnTopOfTheCabinet,Put the white bowl on top of the cabinet,no,,lightwheel_libero_tasks/libero_90/L90K9_put_the_white_bowl_on_top_of_the_cabinet.py
LIBERO,libero_90,Robocasa-Task-L90K9TurnOnTheStove,L90K9TurnOnTheStove,L90K9TurnOnTheStove,Turn on the stove.,no,,lightwheel_libero_tasks/libero_90/L90K9_turn_on_the_stove.py
LIBERO,libero_90,Robocasa-Task-L90K9TurnOnTheStoveAndPutTheFryingPanOnIt,L90K9TurnOnTheStoveAndPutTheFryingPanOnIt,L90K9TurnOnTheStoveAndPutTheFryingPanOnIt,put the frying pan on top of the cabinet.,no,,lightwheel_libero_tasks/libero_90/L90K9_turn_on_the_stove_and_put_the_frying_pan_on_it.py
LIBERO,libero_90,Robocasa-Task-L90L1PickUpTheAlphabetSoupAndPutItInTheBasket,L90L1PickUpTheAlphabetSoupAndPutItInTheBasket,L90L1PickUpTheAlphabetSoupAndPutItInTheBasket,put the black bowl on the plate.,no,,lightwheel_libero_tasks/libero_90/L90L1_pick_up_the_alphabet_soup_and_put_it_in_the_basket.py
LIBERO,libero_90,Robocasa-Task-L90L1PickUpTheCreamCheeseBoxAndPutItInTheBasket,L90L1PickUpTheCreamCheeseBoxAndPutItInTheBasket,L90L1PickUpTheCreamCheeseBoxAndPutItInTheBasket,"Pick up the cream cheese box, and put it in the basket.",no,L90L1PickUpTheCreamCheeseBoxAndPutItInTheBasket: pick up the cream cheese box and put it in the basket,lightwheel_libero_tasks/libero_90/L90L1_pick_up_the_cream_cheese_box_and_put_it_in_the_basket.py
LIBERO,libero_90,Robocasa-Task-L90L1PickUpTheKetchupAndPutItInTheBasket,L90L1PickUpTheKetchupAndPutItInTheBasket,L90L1PickUpTheKetchupAndPutItInTheBasket,"Pick up the ketchup, and put it in the basket.",no,L90L1PickUpTheKetchupAndPutItInTheBasket: pick up the ketchup and put it in the basket,lightwheel_libero_tasks/libero_90/L90L1_pick_up_the_ketchup_and_put_it_in_the_basket.py
LIBERO,libero_90,Robocasa-Task-L90L1PickUpTheTomatoSauceAndPutItInTheBasket,L90L1PickUpTheTomatoSauceAndPutItInTheBasket,L90L1PickUpTheTomatoSauceAndPutItInTheBasket,"Pick up the tomato sauce, and put it in the basket.",no,L90L1PickUpTheTomatoSauceAndPutItInTheBasket: pick up the tomato sauce and put it in the basket (Scene1 with limited objects),lightwheel_libero_tasks/libero_90/L90L1_pick_up_the_tomato_sauce_and_put_it_in_the_basket.py
LIBERO,libero_90,Robocasa-Task-L90L2PickUpTheAlphabetSoupAndPutItInTheBasket,L90L2PickUpTheAlphabetSoupAndPutItInTheBasket,L90L2PickUpTheAlphabetSoupAndPutItInTheBasket,"Pick up the alphabet soup, and put it in the basket.",no,L90L2PickUpTheAlphabetSoupAndPutItInTheBasket: pick up the alphabet soup and put it in the basket,lightwheel_libero_tasks/libero_90/L90L2_pick_up_the_alphabet_soup_and_put_it_in_the_basket.py
LIBERO,libero_90,Robocasa-Task-L90L2PickUpTheButterAndPutItInTheBasket,L90L2PickUpTheButterAndPutItInTheBasket,L90 L2 Pick Up The Butter And Put It In The Basket,pick up the butter and put it in the basket.,no,,lightwheel_libero_tasks/libero_90/L90L2_pick_up_the_butter_and_put_it_in_the_basket.py
LIBERO,libero_90,Robocasa-Task-L90L2PickUpTheMilkAndPutItInTheBasket,L90L2PickUpTheMilkAndPutItInTheBasket,L90 L2 Pick Up The Milk And Put It In The Basket,Pick the milk and place it in the basket.,no,,lightwheel_libero_tasks/libero_90/L90L2_pick_up_the_milk_and_put_it_in_the_basket.py
LIBERO,libero_90,Robocasa-Task-L90L2PickUpTheOrangeJuiceAndPutItInTheBasket,L90L2PickUpTheOrangeJuiceAndPutItInTheBasket,L90L2PickUpTheOrangeJuiceAndPutItInTheBasket,"Pick up the orange juice, and put it in the basket.",no,L90L2PickUpTheOrangeJuiceAndPutItInTheBasket: pick up the orange juice and put it in the basket,lightwheel_libero_tasks/libero_90/L90L2_pick_up_the_orange_juice_and_put_it_in_the_basket.py
LIBERO,libero_90,Robocasa-Task-L90L2PickUpTheTomatoSauceAndPutItInTheBasket,L90L2PickUpTheTomatoSauceAndPutItInTheBasket,L90L2PickUpTheTomatoSauceAndPutItInTheBasket,"Pick up the tomato sauce, and put it in the basket.",no,L90L2PickUpTheTomatoSauceAndPutItInTheBasket: pick up the tomato sauce and put it in the basket,lightwheel_libero_tasks/libero_90/L90L2_pick_up_the_tomato_sauce_and_put_it_in_the_basket.py
LIBERO,libero_90,Robocasa-Task-L90L3PickUpTheAlphabetSoupAndPutItInTheTray,L90L3PickUpTheAlphabetSoupAndPutItInTheTray,L90L3PickUpTheAlphabetSoupAndPutItInTheTray,put the black bowl on the plate.,no,,lightwheel_libero_tasks/libero_90/L90L3_pick_up_the_alphabet_soup_and_put_it_in_the_tray.py
LIBERO,libero_90,Robocasa-Task-L90L3PickUpTheButterAndPutItInTheTray,L90L3PickUpTheButterAndPutItInTheTray,L90L3PickUpTheButterAndPutItInTheTray,Pick up the butter and put it in the tray.,no,,lightwheel_libero_tasks/libero_90/L90L3_pick_up_the_butter_and_put_it_in_the_tray.py
LIBERO,libero_90,Robocasa-Task-L90L3PickUpTheCreamCheeseAndPutItInTheTray,L90L3PickUpTheCreamCheeseAndPutItInTheTray,L90L3PickUpTheCreamCheeseAndPutItInTheTray,Pick up the cream cheese and put it in the tray.,no,,lightwheel_libero_tasks/libero_90/L90L3_pick_up_the_cream_cheese_and_put_it_in_the_tray.py
LIBERO,libero_90,Robocasa-Task-L90L3PickUpTheKetchupAndPutItInTheTray,L90L3PickUpTheKetchupAndPutItInTheTray,L90L3PickUpTheKetchupAndPutItInTheTray,"Pick up the ketchup, and put it in the wooden_tray.",no,L90L3PickUpTheKetchupAndPutItInTheTray: pick up the ketchup and put it in the wooden_tray,lightwheel_libero_tasks/libero_90/L90L3_pick_up_the_ketchup_and_put_it_in_the_tray.py
LIBERO,libero_90,Robocasa-Task-L90L3PickUpTheTomatoSauceAndPutItInTheTray,L90L3PickUpTheTomatoSauceAndPutItInTheTray,L90L3PickUpTheTomatoSauceAndPutItInTheTray,"Pick up the tomato_sauce, and put it in the wooden_tray.",no,L90L3PickUpTheTomatoSauceAndPutItInTheTray: pick up the tomato_sauce and put it in the wooden_tray,lightwheel_libero_tasks/libero_90/L90L3_pick_up_the_tomato_sauce_and_put_it_in_the_tray.py
LIBERO,libero_90,Robocasa-Task-L90L4PickUpTheBlackBowlOnTheLeftAndPutItInTheTray,L90L4PickUpTheBlackBowlOnTheLeftAndPutItInTheTray,L90L4PickUpTheBlackBowlOnTheLeftAndPutItInTheTray,pick up the black bowl on the left and put it in the tray.,no,,lightwheel_libero_tasks/libero_90/L90L4_pick_up_the_black_bowl_on_the_left_and_put_it_in_the_tray.py
LIBERO,libero_90,Robocasa-Task-L90L4PickUpTheChocolatePuddingAndPutItInTheTray,L90L4PickUpTheChocolatePuddingAndPutItInTheTray,L90L4PickUpTheChocolatePuddingAndPutItInTheTray,pick up the chocolate pudding and put it in the tray.,no,,lightwheel_libero_tasks/libero_90/L90L4_pick_up_the_chocolate_pudding_and_put_it_in_the_tray.py
LIBERO,libero_90,Robocasa-Task-L90L4PickUpTheSaladDressingAndPutItInTheTray,L90L4PickUpTheSaladDressingAndPutItInTheTray,L90L4PickUpTheSaladDressingAndPutItInTheTray,Pick up the salad dressing and put it in the tray.,no,L90L4PickUpTheSaladDressingAndPutItInTheTray: pick up the salad dressing and put it in the tray,lightwheel_libero_tasks/libero_90/L90L4_pick_up_the_salad_dressing_and_put_it_in_the_tray.py
LIBERO,libero_90,Robocasa-Task-L90L4StackTheLeftBowlOnTheRightBowlAndPlaceThemInTheTray,L90L4StackTheLeftBowlOnTheRightBowlAndPlaceThemInTheTray,L90L4StackTheLeftBowlOnTheRightBowlAndPlaceThemInTheTray,stack the left bowl on the right bowl and place them in the tray.,no,,lightwheel_libero_tasks/libero_90/L90L4_stack_the_left_bowl_on_the_right_bowl_and_place_them_in_the_tray.py
LIBERO,libero_90,Robocasa-Task-L90L4StackTheRightBowlOnTheLeftBowlAndPlaceThemInTheTray,L90L4StackTheRightBowlOnTheLeftBowlAndPlaceThemInTheTray,L90L4StackTheRightBowlOnTheLeftBowlAndPlaceThemInTheTray,Stack the right bowl on the left bowl and place them in the tray.,no,,lightwheel_libero_tasks/libero_90/L90L4_stack_the_right_bowl_on_the_left_bowl_and_place_them_in_the_tray.py
LIBERO,libero_90,Robocasa-Task-L90L5PutTheRedMugOnTheLeftPlate,L90L5PutTheRedMugOnTheLeftPlate,L90L5PutTheRedMugOnTheLeftPlate,Put the red mug on the left plate.,no,L90L5PutTheRedMugOnTheLeftPlate: put the red mug on the left plate,lightwheel_libero_tasks/libero_90/L90L5_put_the_red_mug_on_the_left_plate.py
LIBERO,libero_90,Robocasa-Task-L90L5PutTheRedMugOnTheRightPlate,L90L5PutTheRedMugOnTheRightPlate,L90L5PutTheRedMugOnTheRightPlate,Pick up the red mug and put it on the plate,no,L90L5PutTheRedMugOnTheRightPlate: put the red mug on the right plate,lightwheel_libero_tasks/libero_90/L90L5_put_the_red_mug_on_the_right_plate.py
LIBERO,libero_90,Robocasa-Task-L90L5PutTheWhiteMugOnTheLeftPlate,L90L5PutTheWhiteMugOnTheLeftPlate,L90L5PutTheWhiteMugOnTheLeftPlate,put the white mug on the left plate.,no,,lightwheel_libero_tasks/libero_90/L90L5_put_the_white_mug_on_the_left_plate.py
LIBERO,libero_90,Robocasa-Task-L90L5PutTheYellowAndWhiteMugOnTheRightPlate,L90L5PutTheYellowAndWhiteMugOnTheRightPlate,L90L5PutTheYellowAndWhiteMugOnTheRightPlate,pick up the yellow and white mug and place it to the right of the caddy.,no,,lightwheel_libero_tasks/libero_90/L90L5_put_the_yellow_and_white_mug_on_the_right_plate.py
LIBERO,libero_90,Robocasa-Task-L90L6PutTheChocolatePuddingToTheLeftOfThePlate,L90L6PutTheChocolatePuddingToTheLeftOfThePlate,L90L6PutTheChocolatePuddingToTheLeftOfThePlate,Put the chocolate pudding to the left of the plate.,no,,lightwheel_libero_tasks/libero_90/L90L6_put_the_chocolate_pudding_to_the_left_of_the_plate.py
LIBERO,libero_90,Robocasa-Task-L90L6PutTheChocolatePuddingToTheRightOfThePlate,L90L6PutTheChocolatePuddingToTheRightOfThePlate,L90L6PutTheChocolatePuddingToTheRightOfThePlate,Put the chocolate pudding to the right of the plate.,no,,lightwheel_libero_tasks/libero_90/L90L6_put_the_chocolate_pudding_to_the_right_of_the_plate.py
LIBERO,libero_90,Robocasa-Task-L90L6PutTheRedMugOnThePlate,L90L6PutTheRedMugOnThePlate,L90L6PutTheRedMugOnThePlate,Pick up the red mug and put it on the plate,no,L90L6PutTheRedMugOnThePlate: put the red mug on the right plate,lightwheel_libero_tasks/libero_90/L90L6_put_the_red_mug_on_the_plate.py
LIBERO,libero_90,Robocasa-Task-L90L6PutTheWhiteMugOnThePlate,L90L6PutTheWhiteMugOnThePlate,L90L6PutTheWhiteMugOnThePlate,Put the white mug on the plate.,no,,lightwheel_libero_tasks/libero_90/L90L6_put_the_white_mug_on_the_plate.py
LIBERO,libero_90,Robocasa-Task-L90S1PickUpTheBookAndPlaceItInTheFrontCompartmentOfTheCaddy,L90S1PickUpTheBookAndPlaceItInTheFrontCompartmentOfTheCaddy,L90S1PickUpTheBookAndPlaceItInTheFrontCompartmentOfTheCaddy,Pick up the book and place it in the front compartment of the caddy.,no,,lightwheel_libero_tasks/libero_90/L90S1_pick_up_the_book_and_place_it_in_the_front_compartment_of_the_caddy.py
LIBERO,libero_90,Robocasa-Task-L90S1PickUpTheBookAndPlaceItInTheLeftCompartmentOfTheCaddy,L90S1PickUpTheBookAndPlaceItInTheLeftCompartmentOfTheCaddy,L90S1PickUpTheBookAndPlaceItInTheLeftCompartmentOfTheCaddy,Pick up the book and place it in the left compartment of the caddy.,no,,lightwheel_libero_tasks/libero_90/L90S1_pick_up_the_book_and_place_it_in_the_left_compartment_of_the_caddy.py
LIBERO,libero_90,Robocasa-Task-L90S1PickUpTheBookAndPlaceItInTheRightCompartmentOfTheCaddy,L90S1PickUpTheBookAndPlaceItInTheRightCompartmentOfTheCaddy,L90S1PickUpTheBookAndPlaceItInTheRightCompartmentOfTheCaddy,Pick up the book and place it in the right compartment of the caddy.,no,,lightwheel_libero_tasks/libero_90/L90S1_pick_up_the_book_and_place_it_in_the_right_compartment_of_the_caddy.py
LIBERO,libero_90,Robocasa-Task-L90S1PickUpTheYellowAndWhiteMugAndPlaceItToTheRightOfTheCaddy,L90S1PickUpTheYellowAndWhiteMugAndPlaceItToTheRightOfTheCaddy,L90S1PickUpTheYellowAndWhiteMugAndPlaceItToTheRightOfTheCaddy,pick up the yellow and white mug and place it to the right of the caddy.,no,,lightwheel_libero_tasks/libero_90/L90S1_pick_up_the_yellow_and_white_mug_and_place_it_to_the_right_of_the_caddy.py
LIBERO,libero_90,Robocasa-Task-L90S2PickUpTheBookAndPlaceItInTheBackCompartmentOfTheCaddy,L90S2PickUpTheBookAndPlaceItInTheBackCompartmentOfTheCaddy,L90S2PickUpTheBookAndPlaceItInTheBackCompartmentOfTheCaddy,Pick up the book and place it in the back compartment of the caddy.,no,,lightwheel_libero_tasks/libero_90/L90S2_pick_up_the_book_and_place_it_in_the_back_compartment_of_the_caddy.py
LIBERO,libero_90,Robocasa-Task-L90S2PickUpTheBookAndPlaceItInTheFrontCompartmentOfTheCaddy,L90S2PickUpTheBookAndPlaceItInTheFrontCompartmentOfTheCaddy,L90S2PickUpTheBookAndPlaceItInTheFrontCompartmentOfTheCaddy,Pick up the book and place it in the front compartment of the caddy.,no,,lightwheel_libero_tasks/libero_90/L90S2_pick_up_the_book_and_place_it_in_the_front_compartment_of_the_caddy.py
LIBERO,libero_90,Robocasa-Task-L90S2PickUpTheBookAndPlaceItInTheLeftCompartmentOfTheCaddy,L90S2PickUpTheBookAndPlaceItInTheLeftCompartmentOfTheCaddy,L90S2PickUpTheBookAndPlaceItInTheLeftCompartmentOfTheCaddy,Pick up the book and place it in the left compartment of the caddy.,no,,lightwheel_libero_tasks/libero_90/L90S2_pick_up_the_book_and_place_it_in_the_left_compartment_of_the_caddy.py
LIBERO,libero_90,Robocasa-Task-L90S2PickUpTheBookAndPlaceItInTheRightCompartmentOfTheCaddy,L90S2PickUpTheBookAndPlaceItInTheRightCompartmentOfTheCaddy,L90S2PickUpTheBookAndPlaceItInTheRightCompartmentOfTheCaddy,pick up the book and place it in the right compartment of the caddy.,no,,lightwheel_libero_tasks/libero_90/L90S2_pick_up_the_book_and_place_it_in_the_right_compartment_of_the_caddy.py
LIBERO,libero_90,Robocasa-Task-L90S3PickUpTheBookAndPlaceItInTheFrontCompartmentOfTheCaddy,L90S3PickUpTheBookAndPlaceItInTheFrontCompartmentOfTheCaddy,L90S3PickUpTheBookAndPlaceItInTheFrontCompartmentOfTheCaddy,Pick up the book and place it in the front compartment of the caddy.,no,,lightwheel_libero_tasks/libero_90/L90S3_pick_up_the_book_and_place_it_in_the_front_compartment_of_the_caddy.py
LIBERO,libero_90,Robocasa-Task-L90S3PickUpTheBookAndPlaceItInTheLeftCompartmentOfTheCaddy,L90S3PickUpTheBookAndPlaceItInTheLeftCompartmentOfTheCaddy,L90S3PickUpTheBookAndPlaceItInTheLeftCompartmentOfTheCaddy,pick up the book and place it in the left compartment of the caddy.,no,,lightwheel_libero_tasks/libero_90/L90S3_pick_up_the_book_and_place_it_in_the_left_compartment_of_the_caddy.py
LIBERO,libero_90,Robocasa-Task-L90S3PickUpTheBookAndPlaceItInTheRightCompartmentOfTheCaddy,L90S3PickUpTheBookAndPlaceItInTheRightCompartmentOfTheCaddy,L90S3PickUpTheBookAndPlaceItInTheRightCompartmentOfTheCaddy,Pick up the book and place it in the right compartment of the caddy.,no,,lightwheel_libero_tasks/libero_90/L90S3_pick_up_the_book_and_place_it_in_the_right_compartment_of_the_caddy.py
LIBERO,libero_90,Robocasa-Task-L90S3PickUpTheRedMugAndPlaceItToTheRightOfTheCaddy,L90S3PickUpTheRedMugAndPlaceItToTheRightOfTheCaddy,L90S3PickUpTheRedMugAndPlaceItToTheRightOfTheCaddy,pick up the red mug and place it to the right compartment of the caddy.,no,,lightwheel_libero_tasks/libero_90/L90S3_pick_up_the_red_mug_and_place_it_to_the_right_of_the_caddy.py
LIBERO,libero_90,Robocasa-Task-L90S3PickUpTheWhiteMugAndPlaceItToTheRightOfTheCaddy,L90S3PickUpTheWhiteMugAndPlaceItToTheRightOfTheCaddy,L90S3PickUpTheWhiteMugAndPlaceItToTheRightOfTheCaddy,Pick up the white mug and place it to the right compartment of the caddy.,no,,lightwheel_libero_tasks/libero_90/L90S3_pick_up_the_white_mug_and_place_it_to_the_right_of_the_caddy.py
LIBERO,libero_90,Robocasa-Task-L90S4PickUpTheBookInTheMiddleAndPlaceItOnTheCabinetShelf,L90S4PickUpTheBookInTheMiddleAndPlaceItOnTheCabinetShelf,L90S4PickUpTheBookInTheMiddleAndPlaceItOnTheCabinetShelf,pick up the book in the middle and place it on the cabinet shelf.,no,,lightwheel_libero_tasks/libero_90/L90S4_pick_up_the_book_in_the_middle_and_place_it_on_the_cabinet_shelf.py
LIBERO,libero_90,Robocasa-Task-L90S4PickUpTheBookOnTheLeftAndPlaceItOnTopOfTheShelf,L90S4PickUpTheBookOnTheLeftAndPlaceItOnTopOfTheShelf,L90S4PickUpTheBookOnTheLeftAndPlaceItOnTopOfTheShelf,Pick up the book on the left and place it on top of the shelf.,no,,lightwheel_libero_tasks/libero_90/L90S4_pick_up_the_book_on_the_left_and_place_it_on_top_of_the_shelf.py
LIBERO,libero_90,Robocasa-Task-L90S4PickUpTheBookOnTheRightAndPlaceItOnTheCabinetShelf,L90S4PickUpTheBookOnTheRightAndPlaceItOnTheCabinetShelf,L90S4PickUpTheBookOnTheRightAndPlaceItOnTheCabinetShelf,Pick up the book on the right and place it on the cabinet shelf.,no,,lightwheel_libero_tasks/libero_90/L90S4_pick_up_the_book_on_the_right_and_place_it_on_the_cabinet_shelf.py
LIBERO,libero_90,Robocasa-Task-L90S4PickUpTheBookOnTheRightAndPlaceItUnderTheCabinetShelf,L90S4PickUpTheBookOnTheRightAndPlaceItUnderTheCabinetShelf,L90S4PickUpTheBookOnTheRightAndPlaceItUnderTheCabinetShelf,pick up the book on the right and place it under the cabinet shelf.,no,,lightwheel_libero_tasks/libero_90/L90S4_pick_up_the_book_on_the_right_and_place_it_under_the_cabinet_shelf.py
LIBERO,libero_goal,Robocasa-Task-LGOpenTheMiddleDrawerOfTheCabinet,LGOpenTheMiddleDrawerOfTheCabinet,LGOpenTheMiddleDrawerOfTheCabinet,Open the middle layer of the drawer.,no,LGOpenTheMiddleDrawerOfTheCabinet: open the middle layer of the drawer,lightwheel_libero_tasks/libero_goal/LG_open_the_middle_drawer_of_the_cabinet.py
LIBERO,libero_goal,Robocasa-Task-LGOpenTheTopDrawerAndPutTheBowlInside,LGOpenTheTopDrawerAndPutTheBowlInside,LGOpenTheTopDrawerAndPutTheBowlInside,Open the top layer of the drawer and put the bowl inside.,no,LGOpenTheTopDrawerAndPutTheBowlInside: open the top layer of the drawer and put the bowl inside,lightwheel_libero_tasks/libero_goal/LG_open_the_top_drawer_and_put_the_bowl_inside.py
LIBERO,libero_goal,Robocasa-Task-LGOpenTopDrawerOfCabinet,LGOpenTopDrawerOfCabinet,LGOpenTopDrawerOfCabinet,Open the top drawer of the cabinet.,no,LGOpenTopDrawerOfCabinet: open the top drawer of the cabinet,lightwheel_libero_tasks/libero_goal/LG_open_top_drawer_of_cabinet.py
LIBERO,libero_goal,Robocasa-Task-LGPushThePlateToTheFrontOfTheStove,LGPushThePlateToTheFrontOfTheStove,LGPushThePlateToTheFrontOfTheStove,Push the plate to the front of the stove.,no,LGPushThePlateToTheFrontOfTheStove: push the plate to the front of the stove,lightwheel_libero_tasks/libero_goal/LG_push_the_plate_to_the_front_of_the_stove.py
LIBERO,libero_goal,Robocasa-Task-LGPutTheBowlOnThePlate,LGPutTheBowlOnThePlate,LGPutTheBowlOnThePlate,Pick up the akita black bowl and put it on the plate.,no,LGPutTheBowlOnThePlate: put the akita black bowl on the plate,lightwheel_libero_tasks/libero_goal/LG_put_the_bowl_on_the_plate.py
LIBERO,libero_goal,Robocasa-Task-LGPutTheBowlOnTheStove,LGPutTheBowlOnTheStove,LGPutTheBowlOnTheStove,Put the bowl on the stove.,no,LGPutTheBowlOnTheStove: put the bowl on the stove,lightwheel_libero_tasks/libero_goal/LG_put_the_bowl_on_the_stove.py
LIBERO,libero_goal,Robocasa-Task-LGPutTheBowlOnTopOfTheCabinet,LGPutTheBowlOnTopOfTheCabinet,LGPutTheBowlOnTopOfTheCabinet,Put the bowl on the top of the cabinet.,no,LGPutTheBowlOnTopOfTheCabinet: put the bowl on the top of the drawer,lightwheel_libero_tasks/libero_goal/LG_put_the_bowl_on_top_of_the_cabinet.py
LIBERO,libero_goal,Robocasa-Task-LGPutTheCreamCheeseInTheBowl,LGPutTheCreamCheeseInTheBowl,LGPutTheCreamCheeseInTheBowl,Pick up the cream cheese and put it in the bowl.,no,LGPutTheCreamCheeseInTheBowl: put the cream cheese in the bowl,lightwheel_libero_tasks/libero_goal/LG_put_the_cream_cheese_in_the_bowl.py
LIBERO,libero_goal,Robocasa-Task-LGPutTheWineBottleOnTheRack,LGPutTheWineBottleOnTheRack,LGPutTheWineBottleOnTheRack,Put the wine bottle on the rack.,no,LGPutTheWineBottleOnTheRack: put the wine bottle on the rack,lightwheel_libero_tasks/libero_goal/LG_put_the_wine_bottle_on_the_rack.py
LIBERO,libero_goal,Robocasa-Task-LGPutTheWineBottleOnTopOfTheCabinet,LGPutTheWineBottleOnTopOfTheCabinet,LGPutTheWineBottleOnTopOfTheCabinet,Put the wine bottle on the top of the drawer.,no,LGPutTheWineBottleOnTopOfTheCabinet: put the wine bottle on the top of the drawer,lightwheel_libero_tasks/libero_goal/LG_put_the_wine_bottle_on_top_of_the_cabinet.py
LIBERO,libero_goal,Robocasa-Task-LGTurnOnTheStove,LGTurnOnTheStove,LGTurnOnTheStove,Turn on the stove.,no,LGTurnOnTheStove: turn on the stove,lightwheel_libero_tasks/libero_goal/LG_turn_on_the_stove.py
LIBERO,libero_object,Robocasa-Task-LOPickUpTheAlphabetSoupAndPlaceItInTheBasket,LOPickUpTheAlphabetSoupAndPlaceItInTheBasket,LO Pick Up The Alphabet Soup And Place It In The Basket,Pick the alphabet soup and place it in the basket.,no,,lightwheel_libero_tasks/libero_object/LO_pick_up_the_alphabet_soup_and_place_it_in_the_basket.py
LIBERO,libero_object,Robocasa-Task-LOPickUpTheBbqSauceAndPlaceItInTheBasket,LOPickUpTheBbqSauceAndPlaceItInTheBasket,LO Pick Up The Bbq Sauce And Place It In The Basket,Pick the bbq sauce and place it in the basket.,no,,lightwheel_libero_tasks/libero_object/LO_pick_up_the_bbq_sauce_and_place_it_in_the_basket.py
LIBERO,libero_object,Robocasa-Task-LOPickUpTheButterAndPlaceItInTheBasket,LOPickUpTheButterAndPlaceItInTheBasket,LO Pick Up The Butter And Place It In The Basket,Pick the butter and place it in the basket.,no,,lightwheel_libero_tasks/libero_object/LO_pick_up_the_butter_and_place_it_in_the_basket.py
LIBERO,libero_object,Robocasa-Task-LOPickUpTheChocolatePuddingAndPlaceItInTheBasket,LOPickUpTheChocolatePuddingAndPlaceItInTheBasket,LO Pick Up The Chocolate Pudding And Place It In The Basket,Pick the chocolate pudding and place it in the basket.,no,,lightwheel_libero_tasks/libero_object/LO_pick_up_the_chocolate_pudding_and_place_it_in_the_basket.py
LIBERO,libero_object,Robocasa-Task-LOPickUpTheKetchupAndPlaceItInTheBasket,LOPickUpTheKetchupAndPlaceItInTheBasket,LO Pick Up The Ketchup And Place It In The Basket,Pick the ketchup and place it in the basket.,no,,lightwheel_libero_tasks/libero_object/LO_pick_up_the_ketchup_and_place_it_in_the_basket.py
LIBERO,libero_object,Robocasa-Task-LOPickUpTheMilkAndPlaceItInTheBasket,LOPickUpTheMilkAndPlaceItInTheBasket,LO Pick Up The Milk And Place It In The Basket,Pick the milk and place it in the basket.,no,,lightwheel_libero_tasks/libero_object/LO_pick_up_the_milk_and_place_it_in_the_basket.py
LIBERO,libero_object,Robocasa-Task-LOPickUpTheOrangeJuiceAndPlaceItInTheBasket,LOPickUpTheOrangeJuiceAndPlaceItInTheBasket,LO Pick Up The Orange Juice And Place It In The Basket,Pick the orange juice and place it in the basket.,no,,lightwheel_libero_tasks/libero_object/LO_pick_up_the_orange_juice_and_place_it_in_the_basket.py
LIBERO,libero_object,Robocasa-Task-LOPickUpTheSaladDressingAndPlaceItInTheBasket,LOPickUpTheSaladDressingAndPlaceItInTheBasket,LO Pick Up The Salad Dressing And Place It In The Basket,Pick the salad dressing and place it in the basket.,no,,lightwheel_libero_tasks/libero_object/LO_pick_up_the_salad_dressing_and_place_it_in_the_basket.py
LIBERO,libero_object,Robocasa-Task-LOPickUpTheTomatoSauceAndPlaceItInTheBasket,LOPickUpTheTomatoSauceAndPlaceItInTheBasket,LO Pick Up The Tomato Sauce And Place It In The Basket,Pick the tomato sauce and place it in the basket.,no,,lightwheel_libero_tasks/libero_object/LO_pick_up_the_tomato_sauce_and_place_it_in_the_basket.py
LIBERO,libero_object,Robocasa-Task-LOPutCreamCheeseInBasket,LOPutCreamCheeseInBasket,LO Put Cream Cheese In Basket,Pick the cream cheese and place it in the basket.,no,,lightwheel_libero_tasks/libero_object/LO_put_cream_cheese_in_basket.py
LIBERO,libero_spatial,Robocasa-Task-LSPickUpBlackBowlBetweenPlateAndRamekinAndPlaceItOnPlate,LSPickUpBlackBowlBetweenPlateAndRamekinAndPlaceItOnPlate,LSPickUpBlackBowlBetweenPlateAndRamekinAndPlaceItOnPlate,Pick the akita black bowl between the plate and the ramekin and place it on the plate.,no,,lightwheel_libero_tasks/libero_spatial/LS_pick_up_black_bowl_between_plate_and_ramekin_and_place_it_on_plate.py
LIBERO,libero_spatial,Robocasa-Task-LSPickUpBlackBowlInTopDrawerOfWoodenCabinetAndPlaceItOnPlate,LSPickUpBlackBowlInTopDrawerOfWoodenCabinetAndPlaceItOnPlate,LSPickUpBlackBowlInTopDrawerOfWoodenCabinetAndPlaceItOnPlate,Pick the akita black bowl in the top layer of the wooden cabinet and place it on the plate.,no,,lightwheel_libero_tasks/libero_spatial/LS_pick_up_black_bowl_in_top_drawer_of_wooden_cabinet_and_place_it_on_plate.py
LIBERO,libero_spatial,Robocasa-Task-LSPickUpTheBlackBowlFromTableCenterAndPlaceItOnThePlate,LSPickUpTheBlackBowlFromTableCenterAndPlaceItOnThePlate,LSPickUpTheBlackBowlFromTableCenterAndPlaceItOnThePlate,Pick the akita black bowl from table center and place it on the plate.,no,,lightwheel_libero_tasks/libero_spatial/LS_pick_up_the_black_bowl_from_table_center_and_place_it_on_the_plate.py
LIBERO,libero_spatial,Robocasa-Task-LSPickUpTheBlackBowlNextToTheCookieBoxAndPlaceItOnThePlate,LSPickUpTheBlackBowlNextToTheCookieBoxAndPlaceItOnThePlate,LSPickUpTheBlackBowlNextToTheCookieBoxAndPlaceItOnThePlate,Pick the akita black bowl next to the cookies box and place it on the plate.,no,,lightwheel_libero_tasks/libero_spatial/LS_pick_up_the_black_bowl_next_to_the_cookie_box_and_place_it_on_the_plate.py
LIBERO,libero_spatial,Robocasa-Task-LSPickUpTheBlackBowlNextToThePlateAndPlaceItOnThePlate,LSPickUpTheBlackBowlNextToThePlateAndPlaceItOnThePlate,LSPickUpTheBlackBowlNextToThePlateAndPlaceItOnThePlate,Pick the akita black bowl next to the plate and place it on the plate.,no,,lightwheel_libero_tasks/libero_spatial/LS_pick_up_the_black_bowl_next_to_the_plate_and_place_it_on_the_plate.py
LIBERO,libero_spatial,Robocasa-Task-LSPickUpTheBlackBowlNextToTheRamekinAndPlaceItOnThePlate,LSPickUpTheBlackBowlNextToTheRamekinAndPlaceItOnThePlate,LSPickUpTheBlackBowlNextToTheRamekinAndPlaceItOnThePlate,Pick the akita black bowl next to the ramekin and place it on the plate.,no,,lightwheel_libero_tasks/libero_spatial/LS_pick_up_the_black_bowl_next_to_the_ramekin_and_place_it_on_the_plate.py
LIBERO,libero_spatial,Robocasa-Task-LSPickUpTheBlackBowlOnTheCookieBoxAndPlaceItOnThePlate,LSPickUpTheBlackBowlOnTheCookieBoxAndPlaceItOnThePlate,LSPickUpTheBlackBowlOnTheCookieBoxAndPlaceItOnThePlate,Pick the akita black bowl on the cookies box and place it on the plate.,no,,lightwheel_libero_tasks/libero_spatial/LS_pick_up_the_black_bowl_on_the_cookie_box_and_place_it_on_the_plate.py
LIBERO,libero_spatial,Robocasa-Task-LSPickUpTheBlackBowlOnTheRamekinAndPlaceItOnThePlate,LSPickUpTheBlackBowlOnTheRamekinAndPlaceItOnThePlate,LSPickUpTheBlackBowlOnTheRamekinAndPlaceItOnThePlate,Pick the akita black bowl on the ramekin and place it on the plate.,no,,lightwheel_libero_tasks/libero_spatial/LS_pick_up_the_black_bowl_on_the_ramekin_and_place_it_on_the_plate.py
LIBERO,libero_spatial,Robocasa-Task-LSPickUpTheBlackBowlOnTheStoveAndPlaceItOnThePlate,LSPickUpTheBlackBowlOnTheStoveAndPlaceItOnThePlate,LSPickUpTheBlackBowlOnTheStoveAndPlaceItOnThePlate,Pick the akita black bowl on the stove and place it on the plate.,no,,lightwheel_libero_tasks/libero_spatial/LS_pick_up_the_black_bowl_on_the_stove_and_place_it_on_the_plate.py
LIBERO,libero_spatial,Robocasa-Task-LSPickUpTheBlackBowlOnTheWoodenCabinetAndPlaceItOnThePlate,LSPickUpTheBlackBowlOnTheWoodenCabinetAndPlaceItOnThePlate,LSPickUpTheBlackBowlOnTheWoodenCabinetAndPlaceItOnThePlate,Pick the akita black bowl on the wooden cabinet and place it on the plate.,no,,lightwheel_libero_tasks/libero_spatial/LS_pick_up_the_black_bowl_on_the_wooden_cabinet_and_place_it_on_the_plate.py
Other,asset_check,Robocasa-Task-TestObjectsTask,TestObjectsTask,TestObjectsTask,Test objects,no,TestObjectsTask: composite task for testing objects.,asset_check/test_object.py
Other,lw_benchhub_tasks,Local-Task-BaseTask,BaseTask,BaseTask,base task,no,BaseTask: base task just for teleoperation.,base_task.py
Other,lw_benchhub_tasks,Robocasa-Task-RobocasaBaseTask,RobocasaBaseTask,RobocasaBaseTask,robocasa base task,no,"RobocasaBaseTask: base task for robocasa. need backend=local, scene from local, and fixed robot pose.",base_task.py
RoboCasa,multi_stage/baking,Robocasa-Task-CupcakeCleanup,CupcakeCleanup,CupcakeCleanup,"Move the fresh-baked cupcake off the tray onto the counter, and place the bowl used for mixing into the sink.",no,,lightwheel_robocasa_tasks/multi_stage/baking/cupcake_cleanup.py
RoboCasa,multi_stage/baking,Robocasa-Task-OrganizeBakingIngredients,OrganizeBakingIngredients,OrganizeBakingIngredients,Place the eggs and milk next to the bowl.,no,Organize Baking Ingredients: composite task for Baking activity. Simulates the task of organizing baking ingredients.,lightwheel_robocasa_tasks/multi_stage/baking/organize_baking_ingredients.py
RoboCasa,multi_stage/baking,Robocasa-Task-PastryDisplay,PastryDisplay,PastryDisplay,Place the pastries on the plates.,no,Pastry Display: composite task for Baking activity. Simulates the task of displaying pastries.,lightwheel_robocasa_tasks/multi_stage/baking/pastry_display.py
RoboCasa,multi_stage/boiling,Robocasa-Task-FillKettle,FillKettle,FillKettle,"Open the cabinet, pick the kettle from the cabinet, and place it in the sink.",no,Fill Kettle: composite task for Boiling activity. Simulates the process of filling up a kettle with water from the sink.,lightwheel_robocasa_tasks/multi_stage/boiling/fill_kettle.py
RoboCasa,multi_stage/boiling,Robocasa-Task-HeatMultipleWater,HeatMultipleWater,HeatMultipleWater,"Pick the kettle from the cabinet and place it on a stove burner. Then pick the pot from the counter and place it on another stove burner. Finally, turn both burners on.",no,Heat Multiple Water: composite task for Boiling activity. Simulates the process of heating water in a pot and a kettle.,lightwheel_robocasa_tasks/multi_stage/boiling/heat_multiple_water.py
RoboCasa,multi_stage/boiling,Robocasa-Task-VeggieBoil,VeggieBoil,VeggieBoil,"Pick up the pot and place it in the sink. Then turn on the sink faucet and let the pot fill up with water. Then turn the sink faucet off and move the pot to the stove. Lastly, turn on the stove and place the {food_name} in the pot for boiling.",yes,Veggie Boil: composite task for Boiling activity. Simulates the process of boiling vegetables.,lightwheel_robocasa_tasks/multi_stage/boiling/veggie_boil.py
RoboCasa,multi_stage/brewing,Robocasa-Task-ArrangeTea,ArrangeTea,ArrangeTea,Pick the kettle from the counter and place it on the tray. Then pick the mug from the cabinet and place it on the tray. Then close the cabinet doors.,no,Arrange Tea: composite task for Brewing activity. Simulates the task of arranging tea.,lightwheel_robocasa_tasks/multi_stage/brewing/arrange_tea.py
RoboCasa,multi_stage/brewing,Robocasa-Task-KettleBoiling,KettleBoiling,KettleBoiling,Pick the kettle from the counter and place it on a stove burner. Then turn the burner on.,no,Kettle Boiling: composite task for Brewing activity. Simulates the task of boiling water in a kettle.,lightwheel_robocasa_tasks/multi_stage/brewing/kettle_boiling.py
RoboCasa,multi_stage/brewing,Robocasa-Task-PrepareCoffee,PrepareCoffee,PrepareCoffee,"Pick the {obj_name} from the cabinet, place it under the coffee machine dispenser, and press the start button.",yes,,lightwheel_robocasa_tasks/multi_stage/brewing/prepare_coffee.py
RoboCasa,multi_stage/chopping_food,Robocasa-Task-ArrangeVegetables,ArrangeVegetables,ArrangeVegetables,Pick the vegetables from the sink and place them on the cutting board.,no,Arrange Vegetables: composite task for Chopping Food activity. Simulates the task of arranging vegetables on the cutting board.,lightwheel_robocasa_tasks/multi_stage/chopping_food/arrange_vegetables.py
RoboCasa,multi_stage/chopping_food,Robocasa-Task-ArrangeVegetablesSimple,ArrangeVegetablesSimple,ArrangeVegetablesSimple,Pick the vegetables from the sink and place them on the cutting board.,no,Arrange Vegetables: composite task for Chopping Food activity. Simulates the task of arranging vegetables on the cutting board.,lightwheel_robocasa_tasks/multi_stage/chopping_food/arrange_vegetables.py
RoboCasa,multi_stage/chopping_food,Robocasa-Task-BreadSetupSlicing,BreadSetupSlicing,BreadSetupSlicing,Place all breads on the cutting board.,no,Bread Setup Slicing: composite task for Chopping Food activity. Simulates the task of setting up bread for slicing.,lightwheel_robocasa_tasks/multi_stage/chopping_food/bread_setup_slicing.py
RoboCasa,multi_stage/chopping_food,Robocasa-Task-ClearingTheCuttingBoard,ClearingTheCuttingBoard,ClearingTheCuttingBoard,Clear the non-vegetable object off the cutting board and place the vegetables onto it.,no,Clearing The Cutting Board: composite task for Chopping Food activity. Simulates the task of clearing the cutting board.,lightwheel_robocasa_tasks/multi_stage/chopping_food/clearing_the_cutting_board.py
RoboCasa,multi_stage/chopping_food,Robocasa-Task-MeatTransfer,MeatTransfer,MeatTransfer,"Retrieve the {cont_name} from the cabinet, then place the raw meat into the {cont_name} to avoid contamination.",yes,Meat Transfer: composite task for Chopping Food activity. Simulates the task of transferring meat to a container.,lightwheel_robocasa_tasks/multi_stage/chopping_food/meat_transfer.py
RoboCasa,multi_stage/chopping_food,Robocasa-Task-OrganizeVegetables,OrganizeVegetables,OrganizeVegetables,Place the {obj_name_1} and the {obj_name_2} on separate cutting boards.,yes,Organize Vegetables: composite task for Chopping Food activity. Simulates the task of organizing vegetables on cutting boards.,lightwheel_robocasa_tasks/multi_stage/chopping_food/organize_vegetables.py
RoboCasa,multi_stage/clearing_table,Robocasa-Task-BowlAndCup,BowlAndCup,BowlAndCup,Place the cup inside the bowl on the dining table and move the bowl to any counter.,no,Bowl And Cup: composite task for Clearing Table activity. Simulates the process of efficiently clearing the table.,lightwheel_robocasa_tasks/multi_stage/clearing_table/bowl_and_cup.py
RoboCasa,multi_stage/clearing_table,Robocasa-Task-CandleCleanup,CandleCleanup,CandleCleanup,"Pick the {obj_name_1} and {obj_name_2} from the dining table and place them in the open cabinet, then close the cabinet door",yes,Candle Cleanup: composite task for Clearing Table activity. Simulates the process of efficiently clearing the dining table decorations.,lightwheel_robocasa_tasks/multi_stage/clearing_table/candle_cleanup.py
RoboCasa,multi_stage/clearing_table,Robocasa-Task-ClearingCleaningReceptacles,ClearingCleaningReceptacles,ClearingCleaningReceptacles,Pick the {obj_name_1} and {obj_name_2} and place them in the sink. Then turn on the water.,yes,Clearing Cleaning Receptacles: composite task for Clearing Table activity. Simulates the process of clearing receptacles from the dining table and cleaning them in the sink.,lightwheel_robocasa_tasks/multi_stage/clearing_table/clearing_cleaning_receptacles.py
RoboCasa,multi_stage/clearing_table,Robocasa-Task-CondimentCollection,CondimentCollection,CondimentCollection,Pick the {obj_name_1} and {obj_name_2} from the counter and place them in the cabinet.,yes,Condiment Collection: composite task for Clearing Table activity. Simulates the task of collecting condiments from the counter and placing them in the cabinet.,lightwheel_robocasa_tasks/multi_stage/clearing_table/condiment_collection.py
RoboCasa,multi_stage/clearing_table,Robocasa-Task-DessertAssembly,DessertAssembly,DessertAssembly,Pick up the {container} with {dessert1} and place it on the tray. Pick up the cupcake and place it on the tray.,yes,Dessert Assembly: composite task for Clearing Table activity. Simulates the task of assembling desserts.,lightwheel_robocasa_tasks/multi_stage/clearing_table/dessert_assembly.py
RoboCasa,multi_stage/clearing_table,Robocasa-Task-DrinkwareConsolidation,DrinkwareConsolidation,DrinkwareConsolidation,Pick the {objs_lang} from the island and place {'them' if self.num_drinkware > 1 else 'it'} in the open cabinet.,yes,Drinkware Consolidation: composite task for Clearing Table activity. Simulates the task of clearing the island drinkware and placing them back in a cabinet.,lightwheel_robocasa_tasks/multi_stage/clearing_table/drinkware_consolidation.py
RoboCasa,multi_stage/clearing_table,Robocasa-Task-FoodCleanup,FoodCleanup,FoodCleanup,Pick the {items} from the counter and place {'them' if self.num_food > 1 else 'it'} in the cabinet. Then close the cabinet.,yes,Food Cleanup: composite task for Clearing Table activity. Simulates the task of cleaning up various food items left on the counter.,lightwheel_robocasa_tasks/multi_stage/clearing_table/food_cleanup.py
RoboCasa,multi_stage/defrosting_food,Robocasa-Task-DefrostByCategory,DefrostByCategory,DefrostByCategory,There is a mixed pile of frozen fruits and vegetables on the counter. Locate all the frozen vegetables and place the items in a bowl on the counter. Take all the frozen fruits and defrost them in a running sink.,no,Defrost By Category: composite task for Defrosting Food activity. Simulates the task of arranging and defrosting fruits and vegetables by type.,lightwheel_robocasa_tasks/multi_stage/defrosting_food/defrost_by_category.py
RoboCasa,multi_stage/defrosting_food,Robocasa-Task-MicrowaveThawing,MicrowaveThawing,MicrowaveThawing,Pick the {obj_name} from the counter and place it in the microwave. Then turn on the microwave.,yes,Microwave Thawing: composite task for Defrosting Food activity. Simulates the task of defrosting food in a microwave.,lightwheel_robocasa_tasks/multi_stage/defrosting_food/microwave_thawing.py
RoboCasa,multi_stage/defrosting_food,Robocasa-Task-QuickThaw,QuickThaw,QuickThaw,Frozen meat rests on a plate on the counter. Retrieve the meat and place it in a pot on a burner. Then turn the burner on.,no,Quick Thaw: composite task for Defrosting Food activity. Simulates the task of defrosting meat on a stove.,lightwheel_robocasa_tasks/multi_stage/defrosting_food/quick_thaw.py
RoboCasa,multi_stage/defrosting_food,Robocasa-Task-ThawInSink,ThawInSink,ThawInSink,Pick the {obj_name} from the counter and place it in the sink. Then turn on the sink faucet.,yes,Thaw In Sink: composite task for Defrosting Food activity. Simulates the task of defrosting food in a sink.,lightwheel_robocasa_tasks/multi_stage/defrosting_food/thaw_in_sink.py
RoboCasa,multi_stage/frying,Robocasa-Task-AssembleCookingArray,AssembleCookingArray,AssembleCookingArray,Move the {meat_name} onto the pan on the stove. Then move the {condiment_name} and {vegetable_name} from the cabinet to the counter where the plate is.,yes,,lightwheel_robocasa_tasks/multi_stage/frying/assemble_cooking_array.py
RoboCasa,multi_stage/frying,Robocasa-Task-FryingPanAdjustment,FryingPanAdjustment,FryingPanAdjustment,Pick and place the pan from the current burner to another burner and turn the burner on.,no,Frying Pan Adjustment: composite task for Frying activity. Simulates the task of adjusting the frying pan on the stove.,lightwheel_robocasa_tasks/multi_stage/frying/frying_pan_adjustment.py
RoboCasa,multi_stage/frying,Robocasa-Task-MealPrepStaging,MealPrepStaging,MealPrepStaging,Place both pans onto different burners. Then place the {obj_name_1} and the {obj_name_2} on different pans.,yes,,lightwheel_robocasa_tasks/multi_stage/frying/meal_prep_staging.py
RoboCasa,multi_stage/frying,Robocasa-Task-SearingMeat,SearingMeat,SearingMeat,"Grab the pan from the cabinet and place it on the {self.knob.replace('_', ' ')} burner on the stove. Then place the {meat_name} on the pan and turn the burner on.",yes,,lightwheel_robocasa_tasks/multi_stage/frying/searing_meat.py
RoboCasa,multi_stage/frying,Robocasa-Task-SetupFrying,SetupFrying,SetupFrying,"Pick the pan from the cabinet and place it on the {self.knob.replace('_', ' ')} burner on the stove. Then turn on the {self.knob.replace('_', ' ')} burner for the pan.",yes,,lightwheel_robocasa_tasks/multi_stage/frying/setup_frying.py
RoboCasa,multi_stage/making_toast,Robocasa-Task-BreadSelection,BreadSelection,BreadSelection,"From the different types of pastries on the counter, select a croissant and place it on the cutting board. Then retrieve a jar of jam from the cabinet and place it alongside the croissant on the cutting board.",no,Bread Selection: composite task for Making Toast activity. Simulates the task of setting up ingredients for making a bread snack.,lightwheel_robocasa_tasks/multi_stage/making_toast/bread_selection.py
RoboCasa,multi_stage/making_toast,Robocasa-Task-CheesyBread,CheesyBread,CheesyBread,Pick up the wedge of cheese and place it on the slice of bread to prepare a simple cheese on bread dish.,no,Cheesy Bread: composite task for Making Toast activity. Simulates the task of making cheesy bread.,lightwheel_robocasa_tasks/multi_stage/making_toast/cheesy_bread.py
RoboCasa,multi_stage/making_toast,Robocasa-Task-PrepareToast,PrepareToast,PrepareToast,"Pick the bread from the cabinet, place it on the cutting board, pick the jam, place it on the counter, and close the cabinet.",no,,lightwheel_robocasa_tasks/multi_stage/making_toast/prepare_toast.py
RoboCasa,multi_stage/making_toast,Robocasa-Task-SweetSavoryToastSetup,SweetSavoryToastSetup,SweetSavoryToastSetup,"Pick the avocado and bread from the counter and place them on the plate. Then pick the jam from the cabinet and place it next to the plate. Lastly, close the cabinet door.",no,Sweet Savory Toast Setup: composite task for Making Toast activity. Simulates the task of setting up the ingredients for making sweet and savory toast.,lightwheel_robocasa_tasks/multi_stage/making_toast/sweet_savory_toast_setup.py
RoboCasa,multi_stage/meat_preparation,Robocasa-Task-PrepForTenderizing,PrepForTenderizing,PrepForTenderizing,Retrieve a rolling pin from the cabinet and place it next to the meat on the cutting board to prepare for tenderizing.,no,Prep For Tenderizing: composite task for Meat Preparation activity. Simulates the task of preparing meat for tenderizing.,lightwheel_robocasa_tasks/multi_stage/meat_preparation/prep_for_tenderizing.py
RoboCasa,multi_stage/meat_preparation,Robocasa-Task-PrepMarinatingMeat,PrepMarinatingMeat,PrepMarinatingMeat,Pick the {meat_name} from the {cont_name} and place it on the cutting board. Then pick the {cond_name} from the cabinet and place it next to the cutting board.,yes,,lightwheel_robocasa_tasks/multi_stage/meat_preparation/prep_marinating_meat.py
RoboCasa,multi_stage/mixing_and_blending,Robocasa-Task-ColorfulSalsa,ColorfulSalsa,ColorfulSalsa,"Place the avocado, onion, tomato and bell pepper on the cutting board.",no,Colorful Salsa: composite task for Mixing And Blending activity. Simulates the task of preparing a colorful salsa.,lightwheel_robocasa_tasks/multi_stage/mixing_and_blending/colorful_salsa.py
RoboCasa,multi_stage/mixing_and_blending,Robocasa-Task-SetupJuicing,SetupJuicing,SetupJuicing,"Open the cabinet, pick all {self.num_fruits} fruits from the cabinet and place them on the counter close to the cabinet.",yes,,lightwheel_robocasa_tasks/multi_stage/mixing_and_blending/setup_juicing.py
RoboCasa,multi_stage/mixing_and_blending,Robocasa-Task-SpicyMarinade,SpicyMarinade,SpicyMarinade,Open the cabinet. Place the bowl and condiment on the counter. Then place the lime and garlic on the cutting board.,no,Spicy Marinade: composite task for Mixing And Blending activity. Simulates the task of preparing a spicy marinade.,lightwheel_robocasa_tasks/multi_stage/mixing_and_blending/spicy_marinade.py
RoboCasa,multi_stage/reheating_food,Robocasa-Task-HeatMug,HeatMug,HeatMug,Pick the mug from the cabinet and place it inside the microwave. Then close the microwave.,no,Heat Mug: composite task for Reheating Food activity. Simulates the task of reheating a mug.,lightwheel_robocasa_tasks/multi_stage/reheating_food/heat_mug.py
RoboCasa,multi_stage/reheating_food,Robocasa-Task-MakeLoadedPotato,MakeLoadedPotato,MakeLoadedPotato,"Retrieve the reheated potato from the microwave, then place it on the cutting board along with cheese and a bottle of condiment.",no,Make Loaded Potato: composite task for Reheating Food activity. Simulates the task of making a loaded potato.,lightwheel_robocasa_tasks/multi_stage/reheating_food/make_loaded_potato.py
RoboCasa,multi_stage/reheating_food,Robocasa-Task-SimmeringSauce,SimmeringSauce,SimmeringSauce,"Place the pan on the {self.knob.replace('_', ' ')} burner on the stove. Then place the tomato and the onion in the pan and turn on the {self.knob.replace('_', ' ')} burner.",yes,Simmering Sauce: composite task for Reheating Food activity. Simulates the task of simmering a sauce.,lightwheel_robocasa_tasks/multi_stage/reheating_food/simmering_sauce.py
RoboCasa,multi_stage/reheating_food,Robocasa-Task-WaffleReheat,WaffleReheat,WaffleReheat,"Open the microwave, place the bowl with waffle inside the microwave, then close the microwave door and turn it on.",no,Waffle Reheat: composite task for Reheating Food activity. Simulates the task of reheating a waffle.,lightwheel_robocasa_tasks/multi_stage/reheating_food/waffle_reheat.py
RoboCasa,multi_stage/reheating_food,Robocasa-Task-WarmCroissant,WarmCroissant,WarmCroissant,Pick the croissant and place it on the pan. Then turn on the stove to warm the croissant.,no,Warm Croissant: composite task for Reheating Food activity. Simulates the task of warming a croissant.,lightwheel_robocasa_tasks/multi_stage/reheating_food/warm_croissant.py
RoboCasa,multi_stage/restocking_supplies,Robocasa-Task-BeverageSorting,BeverageSorting,BeverageSorting,"Sort all alcoholic drinks to one cabinet, and non-alcoholic drinks to the other.",no,Beverage Sorting: composite task for Restocking Supplies activity. Simulates the task of sorting beverages.,lightwheel_robocasa_tasks/multi_stage/restocking_supplies/beverage_sorting.py
RoboCasa,multi_stage/restocking_supplies,Robocasa-Task-RestockBowls,RestockBowls,RestockBowls,Open the cabinet. Pick the {obj_name_1} and the {obj_name_2} from the counter and place it in the cabinet directly in front. Then close the cabinet.,yes,Restock Bowls: composite task for Restocking Supplies activity. Simulates the task of restocking bowls.,lightwheel_robocasa_tasks/multi_stage/restocking_supplies/restock_bowls.py
RoboCasa,multi_stage/restocking_supplies,Robocasa-Task-RestockPantry,RestockPantry,RestockPantry,Pick the cans from the counter and place them in their designated side in the cabinet.,no,Restock Pantry: composite task for Restocking Supplies activity. Simulates the task of organizing cans when restocking them.,lightwheel_robocasa_tasks/multi_stage/restocking_supplies/restock_pantry.py
RoboCasa,multi_stage/restocking_supplies,Robocasa-Task-StockingBreakfastFoods,StockingBreakfastFoods,StockingBreakfastFoods,Pick the {obj_name_1} and {obj_name_2} from the counter and place them in the cabinets closest to them.,yes,,lightwheel_robocasa_tasks/multi_stage/restocking_supplies/stocking_breakfast_foods.py
RoboCasa,multi_stage/sanitize_surface,Robocasa-Task-CleanMicrowave,CleanMicrowave,CleanMicrowave,Open the microwave. Then pick the sponge from the counter and place it in the microwave.,no,Clean Microwave: composite task for Sanitize Surface activity. Simulates the preparation for cleaning the microwave.,lightwheel_robocasa_tasks/multi_stage/sanitize_surface/clean_microwave.py
RoboCasa,multi_stage/sanitize_surface,Robocasa-Task-CountertopCleanup,CountertopCleanup,CountertopCleanup,Pick the fruit and vegetable from the counter and place them in the cabinet. Then open the drawer and pick the cleaner and sponge from the drawer and place them on the counter.,no,Countertop Cleanup: composite task for Sanitize Surface activity. Simulates the task of cleaning the countertop.,lightwheel_robocasa_tasks/multi_stage/sanitize_surface/countertop_cleanup.py
RoboCasa,multi_stage/sanitize_surface,Robocasa-Task-PrepForSanitizing,PrepForSanitizing,PrepForSanitizing,Pick the {obj1_name} and {obj2_name} from the cabinet and place them on the counter.,yes,Prep For Sanitizing: composite task for Sanitize Surface activity. Simulates the preparation for sanitizing the surface.,lightwheel_robocasa_tasks/multi_stage/sanitize_surface/prep_for_sanitizing.py
RoboCasa,multi_stage/sanitize_surface,Robocasa-Task-PushUtensilsToSink,PushUtensilsToSink,PushUtensilsToSink,Push the {obj1_name} and {obj2_name} into the sink.,yes,Push Utensils To Sink: composite task for Sanitize Surface activity. Simulates the task of pushing (since utensils are difficult to grasp) utensils into the sink.,lightwheel_robocasa_tasks/multi_stage/sanitize_surface/push_utensils_to_sink.py
RoboCasa,multi_stage/serving_food,Robocasa-Task-DessertUpgrade,DessertUpgrade,DessertUpgrade,Move the dessert items from the plate to the tray.,no,Dessert Upgrade: composite task for Serving Food activity. Simulates the task of serving dessert.,lightwheel_robocasa_tasks/multi_stage/serving_food/dessert_upgrade.py
RoboCasa,multi_stage/serving_food,Robocasa-Task-PanTransfer,PanTransfer,PanTransfer,Pick up the pan and dump the vegetables in it onto the plate. Then return the pan to the stove.,no,Pan Transfer: composite task for Serving Food activity. Simulates the task of transferring vegetables from a pan to a plate.,lightwheel_robocasa_tasks/multi_stage/serving_food/pan_transfer.py
RoboCasa,multi_stage/serving_food,Robocasa-Task-PlaceFoodInBowls,PlaceFoodInBowls,PlaceFoodInBowls,Pick both bowls and place them on the counter. Then pick the {food1} and place it in one bowl and pick the {food2} and place it in the other bowl.,yes,Place Food In Bowls: composite task for Serving Food activity. Simulates the task of placing food in bowls.,lightwheel_robocasa_tasks/multi_stage/serving_food/place_food_in_bowls.py
RoboCasa,multi_stage/serving_food,Robocasa-Task-PrepareSoupServing,PrepareSoupServing,PrepareSoupServing,Open the cabinet and move the ladle to the pot. Then close the cabinet.,no,,lightwheel_robocasa_tasks/multi_stage/serving_food/prepare_soup_serving.py
RoboCasa,multi_stage/serving_food,Robocasa-Task-ServeSteak,ServeSteak,ServeSteak,Pick up the pan with the steak in it and place it on the dining table. Then place the steak on the plate.,no,Serve Steak: composite task for Serving Food activity. Simulates the task of serving steak.,lightwheel_robocasa_tasks/multi_stage/serving_food/serve_steak.py
RoboCasa,multi_stage/serving_food,Robocasa-Task-WineServingPrep,WineServingPrep,WineServingPrep,Open the cabinet directly in front. Then move the {alcohol_name} and the {cup_name} to the counter with the {decoration_name} on it.,yes,Wine Serving Prep: composite task for Serving Food activity. Simulates the task of serving wine.,lightwheel_robocasa_tasks/multi_stage/serving_food/wine_serving_prep.py
RoboCasa,multi_stage/setting_the_table,Robocasa-Task-ArrangeBreadBasket,ArrangeBreadBasket,ArrangeBreadBasket,"Open the cabinet, pick up the {bread_name} from the cabinet and place it in the bowl. Then move the bowl to the dining counter.",yes,Arrange Bread Basket: composite task for Setting The Table activity. Simulates the task of arranging the bread basket.,lightwheel_robocasa_tasks/multi_stage/setting_the_table/arrange_bread_basket.py
RoboCasa,multi_stage/setting_the_table,Robocasa-Task-BeverageOrganization,BeverageOrganization,BeverageOrganization,Move the drinks to the dining counter.,no,Beverage Organization: composite task for Setting The Table activity. Simulates the task of organizing beverages.,lightwheel_robocasa_tasks/multi_stage/setting_the_table/beverage_organization.py
RoboCasa,multi_stage/setting_the_table,Robocasa-Task-DateNight,DateNight,DateNight,Pick up the {decoration_name} and the {alcohol_name} from the cabinet and move them to the dining counter.,yes,,lightwheel_robocasa_tasks/multi_stage/setting_the_table/date_night.py
RoboCasa,multi_stage/setting_the_table,Robocasa-Task-SeasoningSpiceSetup,SeasoningSpiceSetup,SeasoningSpiceSetup,Move the {condiment1_name} and {condiment2_name} from the cabinet to the dining counter.,yes,Seasoning Spice Setup: composite task for Setting The Table activity. Simulates the task of setting the table with seasoning and spices.,lightwheel_robocasa_tasks/multi_stage/setting_the_table/seasoning_spice_setup.py
RoboCasa,multi_stage/setting_the_table,Robocasa-Task-SetBowlsForSoup,SetBowlsForSoup,SetBowlsForSoup,Move the bowls from the cabinet to the plates on the dining table.,no,Set Bowls For Soup: composite task for Setting The Table activity. Simulates the task of setting the table with bowls for soup.,lightwheel_robocasa_tasks/multi_stage/setting_the_table/set_bowls_for_soup.py
RoboCasa,multi_stage/setting_the_table,Robocasa-Task-SizeSorting,SizeSorting,SizeSorting,Stack the {stackable_cat}s from largest to smallest.,yes,Size Sorting: composite task for Setting The Table activity. Simulates the task of stacking objects by size.,lightwheel_robocasa_tasks/multi_stage/setting_the_table/size_sorting.py
RoboCasa,multi_stage/snack_preparation,Robocasa-Task-BreadAndCheese,BreadAndCheese,BreadAndCheese,Place the bread and cheese on the cutting board.,no,Bread And Cheese: composite task for Snack Preparation activity. Simulates the preparation of a bread and cheese snack.,lightwheel_robocasa_tasks/multi_stage/snack_preparation/bread_and_cheese.py
RoboCasa,multi_stage/snack_preparation,Robocasa-Task-CerealAndBowl,CerealAndBowl,CerealAndBowl,Open the cabinet. Pick the cereal and bowl from the cabinet and place them on the counter. Then close the cabinet.,no,Cereal And Bowl: composite task for Snack Preparation activity. Simulates the preparation of a cereal snack.,lightwheel_robocasa_tasks/multi_stage/snack_preparation/cereal_and_bowl.py
RoboCasa,multi_stage/snack_preparation,Robocasa-Task-MakeFruitBowl,MakeFruitBowl,MakeFruitBowl,Open the cabinet. Pick the {fruit1_name} and {fruit2_name} from the cabinet and place them into the bowl. Then close the cabinet.,yes,Make Fruit Bowl: composite task for Snack Preparation activity. Simulates the preparation of a fruit bowl snack.,lightwheel_robocasa_tasks/multi_stage/snack_preparation/make_fruit_bowl.py
RoboCasa,multi_stage/snack_preparation,Robocasa-Task-VeggieDipPrep,VeggieDipPrep,VeggieDipPrep,Place the two vegetables and bowl onto the tray for setting up a vegetable dip station.,no,Veggie Dip Prep: composite task for Snack Preparation activity. Simulates the preparation of a vegetable dip snack.,lightwheel_robocasa_tasks/multi_stage/snack_preparation/veggie_dip_prep.py
RoboCasa,multi_stage/snack_preparation,Robocasa-Task-YogurtDelightPrep,YogurtDelightPrep,YogurtDelightPrep,Place the yogurt and fruit onto the counter.,no,,lightwheel_robocasa_tasks/multi_stage/snack_preparation/yogurt_delight_prep.py
RoboCasa,multi_stage/steaming_food,Robocasa-Task-MultistepSteaming,MultistepSteaming,MultistepSteaming,"Turn on the sink faucet. Then move the {vegetable_name} from the counter to the sink. Turn off the sink. Move the {vegetable_name} from the sink to the pot next to the stove. Finally, move the pot to the burner.",yes,Multistep Steaming: composite task for Steaming Food activity. Simulates the task of steaming a vegetable.,lightwheel_robocasa_tasks/multi_stage/steaming_food/multistep_steaming.py
RoboCasa,multi_stage/steaming_food,Robocasa-Task-SteamInMicrowave,SteamInMicrowave,SteamInMicrowave,Pick the {vegetable_name} from the sink and place it in the bowl. Then pick the bowl and place it in the microwave. Then close the microwave door and press the start button.,yes,Steam In Microwave: composite task for Steaming Food activity. Simulates the task of steaming a vegetable in a microwave.,lightwheel_robocasa_tasks/multi_stage/steaming_food/steam_in_microwave.py
RoboCasa,multi_stage/steaming_food,Robocasa-Task-SteamVegetables,SteamVegetables,SteamVegetables,"Place vegetables into the pot based on the amount of time it would take to steam each, e.g. potatoes and carrots would take the longest. Then turn off the burner beneath the pot.",no,,lightwheel_robocasa_tasks/multi_stage/steaming_food/steam_vegetables.py
RoboCasa,multi_stage/tidying_cabinets_and_drawers,Robocasa-Task-DrawerUtensilSort,DrawerUtensilSort,DrawerUtensilSort,{self.behavior} the {self.drawer_side} drawer and push the utensils inside it.,yes,Drawer Utensil Sort: composite task for Tidying Cabinets And Drawers activity. Simulates the task of placing utensils in the drawer.,lightwheel_robocasa_tasks/multi_stage/tidying_cabinets_and_drawers/drawer_utensil_sort.py
RoboCasa,multi_stage/tidying_cabinets_and_drawers,Robocasa-Task-OrganizeCleaningSupplies,OrganizeCleaningSupplies,OrganizeCleaningSupplies,Open the cabinet. Pick the {cleaner_name} and place it next to the sink. Then close the cabinet.,yes,,lightwheel_robocasa_tasks/multi_stage/tidying_cabinets_and_drawers/organize_cleaning_supplies.py
RoboCasa,multi_stage/tidying_cabinets_and_drawers,Robocasa-Task-PantryMishap,PantryMishap,PantryMishap,Place the {vegetable} on the counter and the canned food in the drawer. Close the cabinet.,yes,,lightwheel_robocasa_tasks/multi_stage/tidying_cabinets_and_drawers/pantry_mishap.py
RoboCasa,multi_stage/tidying_cabinets_and_drawers,Robocasa-Task-ShakerShuffle,ShakerShuffle,ShakerShuffle,Pick and place the shaker into the drawer. Then close the cabinet.,no,,lightwheel_robocasa_tasks/multi_stage/tidying_cabinets_and_drawers/shaker_shuffle.py
RoboCasa,multi_stage/tidying_cabinets_and_drawers,Robocasa-Task-SnackSorting,SnackSorting,SnackSorting,Place the bar in the bowl and close the drawer.,no,Snack Sorting: composite task for Tidying Cabinets And Drawers activity. Simulates the task of placing snacks in the bowl.,lightwheel_robocasa_tasks/multi_stage/tidying_cabinets_and_drawers/snack_sorting.py
RoboCasa,multi_stage/washing_dishes,Robocasa-Task-DryDishes,DryDishes,DryDishes,Pick the cup and bowl from the sink and place them on the counter for drying.,no,Dry Dishes: composite task for Washing Dishes activity. Simulates the task of drying dishes.,lightwheel_robocasa_tasks/multi_stage/washing_dishes/dry_dishes.py
RoboCasa,multi_stage/washing_dishes,Robocasa-Task-DryDrinkware,DryDrinkware,DryDrinkware,A wet mug is on the counter and needs to be dried. Pick it up and place it upside down in the open cabinet.,no,,lightwheel_robocasa_tasks/multi_stage/washing_dishes/dry_drinkware.py
RoboCasa,multi_stage/washing_dishes,Robocasa-Task-PreSoakPan,PreSoakPan,PreSoakPan,Pick the pan and sponge and place them into the sink. Then turn on the water.,no,Pre Soak Pan: composite task for Washing Dishes activity. Simulates the task of pre-soaking a pan.,lightwheel_robocasa_tasks/multi_stage/washing_dishes/pre_soak_pan.py
RoboCasa,multi_stage/washing_dishes,Robocasa-Task-SortingCleanup,SortingCleanup,SortingCleanup,Pick the mug and place it in the sink. Pick the bowl and place it in the cabinet and then close the cabinet.,no,Sorting Cleanup: composite task for Washing Dishes activity. Simulates the task of sorting and cleaning dishes.,lightwheel_robocasa_tasks/multi_stage/washing_dishes/sorting_cleanup.py
RoboCasa,multi_stage/washing_dishes,Robocasa-Task-StackBowlsInSink,StackBowlsInSink,StackBowlsInSink,Stack the bowls in the sink.,no,Stack Bowls: composite task for Washing Dishes activity. Simulates the task of stacking bowls in the sink.,lightwheel_robocasa_tasks/multi_stage/washing_dishes/stack_bowls.py
RoboCasa,multi_stage/washing_dishes,Robocasa-Task-StackBowlsInSink-Mimic,StackBowlsInSinkMimic,StackBowlsInSink-Mimic,Stack the bowls in the sink.,no,,lightwheel_robocasa_tasks/multi_stage/washing_dishes/stack_bowls.py
RoboCasa,multi_stage/washing_fruits_and_vegetables,Robocasa-Task-AfterwashSorting,AfterwashSorting,AfterwashSorting,Pick the {food1_name}s and {food2_name}s from the sink and place them in one bowl. Place the {food3_name} in the other bowl. Then turn off the sink faucet.,yes,Afterwash Sorting: composite task for Washing Fruits And Vegetables activity. Simulates the task of sorting washed fruits and vegetables.,lightwheel_robocasa_tasks/multi_stage/washing_fruits_and_vegetables/afterwash_sorting.py
RoboCasa,multi_stage/washing_fruits_and_vegetables,Robocasa-Task-ClearClutter,ClearClutter,ClearClutter,Pick up the fruits and vegetables and place them in the sink. Turn on the sink faucet to wash them. Then turn the sink off and put them in the tray.,no,Clear Clutter: composite task for Washing Fruits And Vegetables activity. Simulates the task of washing fruits and vegetables.,lightwheel_robocasa_tasks/multi_stage/washing_fruits_and_vegetables/clear_clutter.py
RoboCasa,multi_stage/washing_fruits_and_vegetables,Robocasa-Task-DrainVeggies,DrainVeggies,DrainVeggies,Dump the {food_name} from the pot into the sink. Then turn on the water and wash the {food_name}. Then turn off the water and put the {food_name} back in the pot.,yes,Drain Veggies: composite task for Washing Fruits And Vegetables activity. Simulates the task of draining washed vegetables.,lightwheel_robocasa_tasks/multi_stage/washing_fruits_and_vegetables/drain_veggies.py
RoboCasa,multi_stage/washing_fruits_and_vegetables,Robocasa-Task-PrewashFoodAssembly,PrewashFoodAssembly,PrewashFoodAssembly,Pick the {food_name} from the cabinet and place it in the bowl. Then pick the bowl and place it in the sink. Then turn on the sink facuet.,yes,Prewash Food Assembly: composite task for Washing Fruits And Vegetables activity. Simulates the process of assembling fruits and vegetables in a bowl and prewashing them.,lightwheel_robocasa_tasks/multi_stage/washing_fruits_and_vegetables/prewash_food_assembly.py
RoboCasa,single_stage,Robocasa-Task-AdjustToasterOvenTemperature,AdjustToasterOvenTemperature,AdjustToasterOvenTemperature,{direction.capitalize()} the toaster oven temperature.,yes,,lightwheel_robocasa_tasks/single_stage/kitchen_toaster_oven.py
RoboCasa,single_stage,Robocasa-Task-CloseCabinet,CloseCabinet,CloseCabinet,{self.behavior.capitalize()} the {self.fxtr.nat_lang} {door_name},yes,,lightwheel_robocasa_tasks/single_stage/kitchen_doors.py
RoboCasa,single_stage,Robocasa-Task-CloseDishwasher,CloseDishwasher,CloseDishwasher,{self.behavior.capitalize()} the {self.fxtr.nat_lang} {door_name},yes,,lightwheel_robocasa_tasks/single_stage/kitchen_doors.py
RoboCasa,single_stage,Robocasa-Task-CloseDrawer,CloseDrawer,CloseDrawer,{self.behavior.capitalize()} the {self.drawer_side} drawer.,yes,Class encapsulating the atomic close drawer task.,lightwheel_robocasa_tasks/single_stage/kitchen_drawer.py
RoboCasa,single_stage,Robocasa-Task-CloseElectricKettleLid,CloseElectricKettleLid,CloseElectricKettleLid,Close the lid of the electric kettle.,no,,lightwheel_robocasa_tasks/single_stage/kitchen_electric_kettle.py
RoboCasa,single_stage,Robocasa-Task-CloseFridge,CloseFridge,CloseFridge,{self.behavior.capitalize()} the {self.fxtr.nat_lang} {door_name},yes,,lightwheel_robocasa_tasks/single_stage/kitchen_doors.py
RoboCasa,single_stage,Robocasa-Task-CloseMicrowave,CloseMicrowave,CloseMicrowave,{self.behavior.capitalize()} the {self.fxtr.nat_lang} {door_name},yes,,lightwheel_robocasa_tasks/single_stage/kitchen_doors.py
RoboCasa,single_stage,Robocasa-Task-CloseOven,CloseOven,CloseOven,{self.behavior.capitalize()} the {self.fxtr.nat_lang} {door_name},yes,,lightwheel_robocasa_tasks/single_stage/kitchen_doors.py
RoboCasa,single_stage,Robocasa-Task-CloseStandMixerHead,CloseStandMixerHead,CloseStandMixerHead,Close the stand mixer head.,no,,lightwheel_robocasa_tasks/single_stage/kitchen_stand_mixer.py
RoboCasa,single_stage,Robocasa-Task-CloseToasterOvenDoor,CloseToasterOvenDoor,CloseToasterOvenDoor,Close the toaster oven door.,no,Class encapsulating the atomic toaster oven door tasks.,lightwheel_robocasa_tasks/single_stage/kitchen_doors.py
RoboCasa,single_stage,Robocasa-Task-CoffeeServeMug,CoffeeServeMug,CoffeeServeMug,Pick the {obj_lang} from the counter and place it under the coffee machine dispenser.,yes,Class encapsulating the coffee serve task. Pick the mug from under the coffee machine dispenser and place it on the counter.,lightwheel_robocasa_tasks/single_stage/kitchen_coffee.py
RoboCasa,single_stage,Robocasa-Task-CoffeeSetupMug,CoffeeSetupMug,CoffeeSetupMug,Pick the {obj_lang} from the counter and place it under the coffee machine dispenser.,yes,Class encapsulating the coffee setup task. Pick the mug from the counter and place it under the coffee machine dispenser.,lightwheel_robocasa_tasks/single_stage/kitchen_coffee.py
RoboCasa,single_stage,Robocasa-Task-CoffeeSetupMug-Mimic,CoffeeSetupMugMimic,CoffeeSetupMug-Mimic,Pick the {obj_lang} from the counter and place it under the coffee machine dispenser.,yes,,lightwheel_robocasa_tasks/single_stage/kitchen_coffee.py
RoboCasa,single_stage,Robocasa-Task-LiftObj,LiftObj,LiftObj,,no,Class encapsulating the atomic pick and place tasks.,lightwheel_robocasa_tasks/single_stage/lift_obj.py
RoboCasa,single_stage,Robocasa-Task-NavigateKitchen,NavigateKitchen,NavigateKitchen,Navigate to the {self.target_fixture.nat_lang}.,yes,Class encapsulating the atomic navigate kitchen tasks. Involves navigating the robot to a target fixture.,lightwheel_robocasa_tasks/single_stage/kitchen_navigate.py
RoboCasa,single_stage,Robocasa-Task-OpenCabinet,OpenCabinet,OpenCabinet,{self.behavior.capitalize()} the {self.fxtr.nat_lang} {door_name},yes,,lightwheel_robocasa_tasks/single_stage/kitchen_doors.py
RoboCasa,single_stage,Robocasa-Task-OpenDishwasher,OpenDishwasher,OpenDishwasher,{self.behavior.capitalize()} the {self.fxtr.nat_lang} {door_name},yes,,lightwheel_robocasa_tasks/single_stage/kitchen_doors.py
RoboCasa,single_stage,Robocasa-Task-OpenDrawer,OpenDrawer,OpenDrawer,{self.behavior.capitalize()} the {self.drawer_side} drawer.,yes,Class encapsulating the atomic open drawer task.,lightwheel_robocasa_tasks/single_stage/kitchen_drawer.py
RoboCasa,single_stage,Robocasa-Task-OpenElectricKettleLid,OpenElectricKettleLid,OpenElectricKettleLid,Press the button to open the lid of the electric kettle.,no,,lightwheel_robocasa_tasks/single_stage/kitchen_electric_kettle.py
RoboCasa,single_stage,Robocasa-Task-OpenFridge,OpenFridge,OpenFridge,{self.behavior.capitalize()} the {self.fxtr.nat_lang} {door_name},yes,,lightwheel_robocasa_tasks/single_stage/kitchen_doors.py
RoboCasa,single_stage,Robocasa-Task-OpenMicrowave,OpenMicrowave,OpenMicrowave,{self.behavior.capitalize()} the {self.fxtr.nat_lang} {door_name},yes,,lightwheel_robocasa_tasks/single_stage/kitchen_doors.py
RoboCasa,single_stage,Robocasa-Task-OpenOven,OpenOven,OpenOven,{self.behavior.capitalize()} the {self.fxtr.nat_lang} {door_name},yes,,lightwheel_robocasa_tasks/single_stage/kitchen_doors.py
RoboCasa,single_stage,Robocasa-Task-OpenStandMixerHead,OpenStandMixerHead,OpenStandMixerHead,Open the stand mixer head.,no,,lightwheel_robocasa_tasks/single_stage/kitchen_stand_mixer.py
RoboCasa,single_stage,Robocasa-Task-OpenToasterOvenDoor,OpenToasterOvenDoor,OpenToasterOvenDoor,Open the toaster oven door.,no,Class encapsulating the atomic toaster oven door tasks.,lightwheel_robocasa_tasks/single_stage/kitchen_doors.py
RoboCasa,single_stage,Robocasa-Task-PnPCabinetToCounter,PnPCabinetToCounter,PnPCabinetToCounter,Pick the {obj_lang} from the cabinet and place it on the counter.,yes,Class encapsulating the atomic cabinet to counter pick and place task,lightwheel_robocasa_tasks/single_stage/kitchen_pnp.py
RoboCasa,single_stage,Robocasa-Task-PnPCounterToCabinet,PnPCounterToCabinet,PnPCounterToCabinet,Pick the {obj_lang} from the counter and place it in the cabinet.,yes,Class encapsulating the atomic counter to cabinet pick and place task,lightwheel_robocasa_tasks/single_stage/kitchen_pnp.py
RoboCasa,single_stage,Robocasa-Task-PnPCounterToMicrowave,PnPCounterToMicrowave,PnPCounterToMicrowave,Pick the {obj_lang} from the counter and place it in the microwave.,yes,Class encapsulating the atomic counter to microwave pick and place task,lightwheel_robocasa_tasks/single_stage/kitchen_pnp.py
RoboCasa,single_stage,Robocasa-Task-PnPCounterToOven,PnPCounterToOven,PnPCounterToOven,Place the {obj_lang} on the {rack_pos} rack of the oven.,yes,Class encapsulating the counter to oven pick and place atomic task,lightwheel_robocasa_tasks/single_stage/kitchen_pnp.py
RoboCasa,single_stage,Robocasa-Task-PnPCounterToSink,PnPCounterToSink,PnPCounterToSink,pick the {obj_lang} from the counter and place it in the sink,yes,Class encapsulating the atomic counter to sink pick and place task,lightwheel_robocasa_tasks/single_stage/kitchen_pnp.py
RoboCasa,single_stage,Robocasa-Task-PnPCounterToStandMixer,PnPCounterToStandMixer,PnPCounterToStandMixer,Place the {obj_lang} in the stand mixer bowl.,yes,Class encapsulating the task of placing food items in the stand mixer bowl.,lightwheel_robocasa_tasks/single_stage/kitchen_pnp.py
RoboCasa,single_stage,Robocasa-Task-PnPCounterToStove,PnPCounterToStove,PnPCounterToStove,Pick the {obj_lang} from the plate and place it in the {cont_lang}.,yes,Class encapsulating the atomic counter to stove pick and place task,lightwheel_robocasa_tasks/single_stage/kitchen_pnp.py
RoboCasa,single_stage,Robocasa-Task-PnPCounterToToasterOven,PnPCounterToToasterOven,PnPCounterToToasterOven,Place the {obj_lang} on the {rack_pos} {receptacle_type} of the toaster oven.,yes,Class encapsulating the counter to toaster oven pick and place atomic task,lightwheel_robocasa_tasks/single_stage/kitchen_pnp.py
RoboCasa,single_stage,Robocasa-Task-PnPMicrowaveToCounter,PnPMicrowaveToCounter,PnPMicrowaveToCounter,Pick the {obj_lang} from the microwave and place it on {cont_lang} located on the counter.,yes,Class encapsulating the atomic microwave to counter pick and place task,lightwheel_robocasa_tasks/single_stage/kitchen_pnp.py
RoboCasa,single_stage,Robocasa-Task-PnPOvenToCounter,PnPOvenToCounter,PnPOvenToCounter,Pick the {obj_lang} from the {rack_pos} rack in the oven and place it on the plate on the counter.,yes,Class encapsulating the oven to counter pick and place atomic task,lightwheel_robocasa_tasks/single_stage/kitchen_pnp.py
RoboCasa,single_stage,Robocasa-Task-PnPSinkToCounter,PnPSinkToCounter,PnPSinkToCounter,pick the {obj_lang} from the sink and place it on the {cont_lang} located on the counter,yes,Class encapsulating the atomic sink to counter pick and place task,lightwheel_robocasa_tasks/single_stage/kitchen_pnp.py
RoboCasa,single_stage,Robocasa-Task-PnPStoveToCounter,PnPStoveToCounter,PnPStoveToCounter,Pick the {obj_lang} from the {obj_cont_lang} and place it {preposition} the {cont_lang}.,yes,Class encapsulating the atomic stove to counter pick and place task,lightwheel_robocasa_tasks/single_stage/kitchen_pnp.py
RoboCasa,single_stage,Robocasa-Task-PnPToasterOvenToCounter,PnPToasterOvenToCounter,PnPToasterOvenToCounter,Pick the {obj_lang} from the {rack_pos} {receptacle_type} and place it on the plate on the counter.,yes,Class encapsulating the toaster oven to counter pick and place atomic task,lightwheel_robocasa_tasks/single_stage/kitchen_pnp.py
RoboCasa,single_stage,Robocasa-Task-PnPToasterToCounter,PnPToasterToCounter,PnPToasterToCounter,Place the toasted item on a plate.,no,Class encapsulating the toaster to counter pick and place atomic task,lightwheel_robocasa_tasks/single_stage/kitchen_pnp.py
RoboCasa,single_stage,Robocasa-Task-PreheatOven,PreheatOven,PreheatOven,Preheat the oven by turning the temperature knob.,no,,lightwheel_robocasa_tasks/single_stage/kitchen_oven.py
RoboCasa,single_stage,Robocasa-Task-SlideDishwasherRack,SlideDishwasherRack,SlideDishwasherRack,Fully slide the top dishwasher rack {direction}.,yes,Class encapsulating sliding dishwasher rack in or out atomic task.,lightwheel_robocasa_tasks/single_stage/kitchen_drawer.py
RoboCasa,single_stage,Robocasa-Task-SlideOvenRack,SlideOvenRack,SlideOvenRack,Fully slide the {rack_pos} oven rack {direction}.,yes,,lightwheel_robocasa_tasks/single_stage/kitchen_oven.py
RoboCasa,single_stage,Robocasa-Task-SlideToasterOvenRack,SlideToasterOvenRack,SlideToasterOvenRack,Fully slide the toaster oven {rack_pos} {self.chosen_toaster_receptacle} {direction}.,yes,,lightwheel_robocasa_tasks/single_stage/kitchen_toaster_oven.py
RoboCasa,single_stage,Robocasa-Task-StartCoffeeMachine,StartCoffeeMachine,StartCoffeeMachine,Press the button on the coffee machine to serve coffee.,no,,lightwheel_robocasa_tasks/single_stage/kitchen_coffee.py
RoboCasa,single_stage,Robocasa-Task-TurnOffMicrowave,TurnOffMicrowave,TurnOffMicrowave,press the start button on the microwave,no,,lightwheel_robocasa_tasks/single_stage/kitchen_microwave.py
RoboCasa,single_stage,Robocasa-Task-TurnOffSinkFaucet,TurnOffSinkFaucet,TurnOffSinkFaucet,"{self.behavior.replace('_', ' ').capitalize()} the sink faucet.",yes,,lightwheel_robocasa_tasks/single_stage/kitchen_sink.py
RoboCasa,single_stage,Robocasa-Task-TurnOffStove,TurnOffStove,TurnOffStove,"{self.behavior.replace('_', ' ').capitalize()} the {self.knob.replace('_', ' ')} burner of the stove.",yes,,lightwheel_robocasa_tasks/single_stage/kitchen_stove.py
RoboCasa,single_stage,Robocasa-Task-TurnOnElectricKettle,TurnOnElectricKettle,TurnOnElectricKettle,Press down the lever to turn on the electric kettle.,no,,lightwheel_robocasa_tasks/single_stage/kitchen_electric_kettle.py
RoboCasa,single_stage,Robocasa-Task-TurnOnMicrowave,TurnOnMicrowave,TurnOnMicrowave,press the start button on the microwave,no,,lightwheel_robocasa_tasks/single_stage/kitchen_microwave.py
RoboCasa,single_stage,Robocasa-Task-TurnOnSinkFaucet,TurnOnSinkFaucet,TurnOnSinkFaucet,"{self.behavior.replace('_', ' ').capitalize()} the sink faucet.",yes,,lightwheel_robocasa_tasks/single_stage/kitchen_sink.py
RoboCasa,single_stage,Robocasa-Task-TurnOnStove,TurnOnStove,TurnOnStove,"{self.behavior.replace('_', ' ').capitalize()} the {self.knob.replace('_', ' ')} burner of the stove.",yes,,lightwheel_robocasa_tasks/single_stage/kitchen_stove.py
RoboCasa,single_stage,Robocasa-Task-TurnOnToaster,TurnOnToaster,TurnOnToaster,Push down the lever of the toaster to turn it on.,no,,lightwheel_robocasa_tasks/single_stage/kitchen_toaster.py
RoboCasa,single_stage,Robocasa-Task-TurnOnToasterOven,TurnOnToasterOven,TurnOnToasterOven,Turn on the toaster oven by setting the timer.,no,,lightwheel_robocasa_tasks/single_stage/kitchen_toaster_oven.py
RoboCasa,single_stage,Robocasa-Task-TurnSinkSpout,TurnSinkSpout,TurnSinkSpout,Turn the sink spout to the {self.behavior}.,yes,,lightwheel_robocasa_tasks/single_stage/kitchen_sink.py
